[{"fields": {"apellidos": "Berdugo", "nombres": "Geovanni", "usuario": 1, "documento": "1023912391"}, "model": "laboratorios.empleado", "pk": 1}, {"fields": {"orden": 21343, "estado": "EC", "empleado": 1}, "model": "laboratorios.recepcion", "pk": 7}, {"fields": {"orden": 21347, "estado": "EC", "empleado": 1}, "model": "laboratorios.recepcion", "pk": 8}, {"fields": {"orden": 21345, "estado": "EC", "empleado": 1}, "model": "laboratorios.recepcion", "pk": 9}, {"fields": {"orden": 21346, "estado": "EC", "empleado": 1}, "model": "laboratorios.recepcion", "pk": 10}, {"fields": {"orden": 21351, "estado": "EC", "empleado": 1}, "model": "laboratorios.recepcion", "pk": 11}, {"fields": {"orden": 21352, "estado": "EC", "empleado": 1}, "model": "laboratorios.recepcion", "pk": 12}, {"fields": {"orden": 21354, "estado": "EC", "empleado": 1}, "model": "laboratorios.recepcion", "pk": 13}, {"fields": {"descripcion": "TOXIOLOGIA", "codigo": "TOXIOLOGIA"}, "model": "laboratorios.secciontrabajo", "pk": 4}, {"fields": {"descripcion": "BIOLOGIA", "codigo": "BIOLOGIA"}, "model": "laboratorios.secciontrabajo", "pk": 5}, {"fields": {"descripcion": "QUIMICA SANGUINEA", "codigo": "QUIMICA SANGUINEA"}, "model": "laboratorios.secciontrabajo", "pk": 6}, {"fields": {"descripcion": "MICROBIOLOGIA", "codigo": "MICROBIOLOGIA"}, "model": "laboratorios.secciontrabajo", "pk": 7}, {"fields": {"descripcion": "PARASITOLOGIA", "codigo": "PARASITOLOGIA"}, "model": "laboratorios.secciontrabajo", "pk": 8}, {"fields": {"descripcion": "QUIMICA", "codigo": "QUIMICA"}, "model": "laboratorios.secciontrabajo", "pk": 9}, {"fields": {"descripcion": "INMUNOLOGIA", "codigo": "INMUNOLOGIA"}, "model": "laboratorios.secciontrabajo", "pk": 10}, {"fields": {"descripcion": "HEMATOLOGIA", "codigo": "HEMATOLOGIA"}, "model": "laboratorios.secciontrabajo", "pk": 11}, {"fields": {"descripcion": "TOXICOLOGIA", "codigo": "TOXICOLOGIA"}, "model": "laboratorios.secciontrabajo", "pk": 12}, {"fields": {"descripcion": "UROANALISIS", "codigo": "UROANALISIS"}, "model": "laboratorios.secciontrabajo", "pk": 13}, {"fields": {"descripcion": "COAGULACION", "codigo": "COAGULACION"}, "model": "laboratorios.secciontrabajo", "pk": 14}, {"fields": {"descripcion": "SIN AREA", "codigo": "SIN AREA"}, "model": "laboratorios.secciontrabajo", "pk": 15}, {"fields": {"nombre": "Elisa", "codigo": "Elisa"}, "model": "laboratorios.tecnica", "pk": 1}, {"fields": {"tecnica": 1, "nombre": "ADVIA", "codigo": "0001"}, "model": "laboratorios.equipo", "pk": 1}, {"fields": {"servicio": 25, "seccion_trabajo": 4, "codigo_internacional": "ALCOL", "nombre": "ALCOHOL EN SALIVA", "codigo": "ALCOL", "equipo": 1}, "model": "laboratorios.laboratorio", "pk": 5}, {"fields": {"servicio": 38, "seccion_trabajo": 5, "codigo_internacional": "906317", "nombre": "ANTIGENO DE SUPERFICIE DE LA HEPATITIS B", "codigo": "HBSAG", "equipo": 1}, "model": "laboratorios.laboratorio", "pk": 6}, {"fields": {"servicio": 27, "seccion_trabajo": 4, "codigo_internacional": "123654", "nombre": "COCAINA EN ORINA", "codigo": "COCA", "equipo": 1}, "model": "laboratorios.laboratorio", "pk": 7}, {"fields": {"servicio": 60, "seccion_trabajo": 6, "codigo_internacional": "903816", "nombre": "COLESTEROL ALTA DENSIDAD H.D.L", "codigo": "HDL", "equipo": 1}, "model": "laboratorios.laboratorio", "pk": 8}, {"fields": {"servicio": 66, "seccion_trabajo": 6, "codigo_internacional": "903820", "nombre": "COLESTEROL BAJA DENSIDAD L.D.L", "codigo": "LDL", "equipo": 1}, "model": "laboratorios.laboratorio", "pk": 9}, {"fields": {"servicio": 16, "seccion_trabajo": 6, "codigo_internacional": "902212", "nombre": "COLESTEROL TOTAL", "codigo": "COL", "equipo": 1}, "model": "laboratorios.laboratorio", "pk": 10}, {"fields": {"servicio": 21, "seccion_trabajo": 8, "codigo_internacional": "906916", "nombre": "COPROLOGICO", "codigo": "COPRO", "equipo": 1}, "model": "laboratorios.laboratorio", "pk": 11}, {"fields": {"servicio": 51, "seccion_trabajo": 9, "codigo_internacional": "903822", "nombre": "CREATININA SERICA", "codigo": "CREA", "equipo": 1}, "model": "laboratorios.laboratorio", "pk": 12}, {"fields": {"servicio": 30, "seccion_trabajo": 6, "codigo_internacional": "903833", "nombre": "FOSFATASA ALCALINA", "codigo": "FALK", "equipo": 1}, "model": "laboratorios.laboratorio", "pk": 13}, {"fields": {"servicio": 13, "seccion_trabajo": 6, "codigo_internacional": "902210", "nombre": "GLICEMIA", "codigo": "GLI", "equipo": 1}, "model": "laboratorios.laboratorio", "pk": 14}, {"fields": {"servicio": 61, "seccion_trabajo": 11, "codigo_internacional": "902211", "nombre": "HEMATOCRITO", "codigo": "HTO", "equipo": 1}, "model": "laboratorios.laboratorio", "pk": 15}, {"fields": {"servicio": 19, "seccion_trabajo": 11, "codigo_internacional": "901111", "nombre": "HEMOCLASIFICACION", "codigo": "GRUPO", "equipo": 1}, "model": "laboratorios.laboratorio", "pk": 16}, {"fields": {"servicio": 20, "seccion_trabajo": 11, "codigo_internacional": "902213", "nombre": "HEMOGLOBINA", "codigo": "HB", "equipo": 1}, "model": "laboratorios.laboratorio", "pk": 17}, {"fields": {"servicio": 26, "seccion_trabajo": 12, "codigo_internacional": "902210", "nombre": "MARIHUANA EN ORINA", "codigo": "MH", "equipo": 1}, "model": "laboratorios.laboratorio", "pk": 18}, {"fields": {"servicio": 14, "seccion_trabajo": 13, "codigo_internacional": "904508", "nombre": "ORINA PARCIAL", "codigo": "PO", "equipo": 1}, "model": "laboratorios.laboratorio", "pk": 20}, {"fields": {"servicio": 17, "seccion_trabajo": 9, "codigo_internacional": "903815", "nombre": "TRIGLICERIDOS", "codigo": "TRI", "equipo": 1}, "model": "laboratorios.laboratorio", "pk": 21}, {"fields": {"servicio": 10, "seccion_trabajo": 10, "codigo_internacional": "903820", "nombre": "VDRL SEROLOGIA", "codigo": "VDRL", "equipo": 1}, "model": "laboratorios.laboratorio", "pk": 22}, {"fields": {"servicio": 89, "seccion_trabajo": 7, "codigo_internacional": "907002", "nombre": "COLORACION DE GRAM", "codigo": "GRAM", "equipo": 1}, "model": "laboratorios.laboratorio", "pk": 23}, {"fields": {"servicio": 90, "seccion_trabajo": 10, "codigo_internacional": "903819", "nombre": "EMBARAZO PRUEBA DE SANGRE", "codigo": "GX", "equipo": 1}, "model": "laboratorios.laboratorio", "pk": 24}, {"fields": {"servicio": 91, "seccion_trabajo": 6, "codigo_internacional": "903845", "nombre": "GLICEMIA CURVA 3 HORAS", "codigo": "GLI3H", "equipo": 1}, "model": "laboratorios.laboratorio", "pk": 25}, {"fields": {"servicio": 92, "seccion_trabajo": 6, "codigo_internacional": "903841", "nombre": "GLICEMIA POST (4PM)", "codigo": "G08", "equipo": 1}, "model": "laboratorios.laboratorio", "pk": 26}, {"fields": {"servicio": 93, "seccion_trabajo": 6, "codigo_internacional": "903842", "nombre": "GLICEMIA PRE Y POST CARGA", "codigo": "GLIPC", "equipo": 1}, "model": "laboratorios.laboratorio", "pk": 27}, {"fields": {"servicio": 94, "seccion_trabajo": 11, "codigo_internacional": "902207", "nombre": "HEMOGRAMA TIPO I", "codigo": "CH1", "equipo": 1}, "model": "laboratorios.laboratorio", "pk": 28}, {"fields": {"servicio": 95, "seccion_trabajo": 11, "codigo_internacional": "902208", "nombre": "HEMOGRAMA TIPO II", "codigo": "CH2", "equipo": 1}, "model": "laboratorios.laboratorio", "pk": 29}, {"fields": {"servicio": 96, "seccion_trabajo": 11, "codigo_internacional": "902209", "nombre": "HEMOGRAMA TIPO III", "codigo": "CH3", "equipo": 1}, "model": "laboratorios.laboratorio", "pk": 30}, {"fields": {"servicio": 97, "seccion_trabajo": 11, "codigo_internacional": "902214", "nombre": "HEMOGRAMA TIPO IV", "codigo": "CH4", "equipo": 1}, "model": "laboratorios.laboratorio", "pk": 31}, {"fields": {"servicio": 98, "seccion_trabajo": 11, "codigo_internacional": "902216", "nombre": "LEUCOGRAMA", "codigo": "LEUCO", "equipo": 1}, "model": "laboratorios.laboratorio", "pk": 32}, {"fields": {"servicio": 99, "seccion_trabajo": 11, "codigo_internacional": "902221", "nombre": "PLAQUETAS RECUENTO DE", "codigo": "PLAQ", "equipo": 1}, "model": "laboratorios.laboratorio", "pk": 33}, {"fields": {"servicio": 100, "seccion_trabajo": 7, "codigo_internacional": "901304", "nombre": "SECRECION NASOFARINGEA MICROSCOPIA", "codigo": "SENAFA", "equipo": 1}, "model": "laboratorios.laboratorio", "pk": 34}, {"fields": {"servicio": 101, "seccion_trabajo": 14, "codigo_internacional": "902043", "nombre": "TIEMPO DE COAGULACION", "codigo": "TC", "equipo": 1}, "model": "laboratorios.laboratorio", "pk": 35}, {"fields": {"servicio": 102, "seccion_trabajo": 9, "codigo_internacional": "903866", "nombre": "TRANSAMINOSA ALANINO AMINOTRANSFERASA", "codigo": "GPT", "equipo": 1}, "model": "laboratorios.laboratorio", "pk": 36}, {"fields": {"servicio": 103, "seccion_trabajo": 9, "codigo_internacional": "903867", "nombre": "TRANSAMINASA ASPARTATO AMINOTRANFERASA", "codigo": "GOT", "equipo": 1}, "model": "laboratorios.laboratorio", "pk": 37}, {"fields": {"servicio": 31, "seccion_trabajo": 15, "codigo_internacional": "903801", "nombre": "ACIDO URICO", "codigo": "AU", "equipo": 1}, "model": "laboratorios.laboratorio", "pk": 38}, {"fields": {"servicio": 104, "seccion_trabajo": 15, "codigo_internacional": "903804", "nombre": "ALBUMINA EN ORINA", "codigo": "ALBORI", "equipo": 1}, "model": "laboratorios.laboratorio", "pk": 39}, {"fields": {"servicio": 105, "seccion_trabajo": 15, "codigo_internacional": "903803", "nombre": "ALBUMINA EN SUERO", "codigo": "ALB", "equipo": 1}, "model": "laboratorios.laboratorio", "pk": 40}, {"fields": {"servicio": 106, "seccion_trabajo": 15, "codigo_internacional": "903806", "nombre": "AMILASA EN ORINA", "codigo": "AMILOR", "equipo": 1}, "model": "laboratorios.laboratorio", "pk": 41}, {"fields": {"servicio": 107, "seccion_trabajo": 15, "codigo_internacional": "906002", "nombre": "ANTIESTREPTOLISINA", "codigo": "ASTO", "equipo": 1}, "model": "laboratorios.laboratorio", "pk": 42}, {"fields": {"servicio": 108, "seccion_trabajo": 15, "codigo_internacional": "906610", "nombre": "ANTIGENO ESPECIFICO DE PROSTATA P.S.A", "codigo": "PSA", "equipo": 1}, "model": "laboratorios.laboratorio", "pk": 43}, {"fields": {"servicio": 109, "seccion_trabajo": 15, "codigo_internacional": "906611", "nombre": "ANTIGENO ESPECIFICO DE PROSTATA PSA (LIBRE)", "codigo": "PSALIB", "equipo": 1}, "model": "laboratorios.laboratorio", "pk": 44}, {"fields": {"servicio": 110, "seccion_trabajo": 15, "codigo_internacional": "906603", "nombre": "ANTIGENO CARCINOMEBRIONARIO C.E.A", "codigo": "CEA", "equipo": 1}, "model": "laboratorios.laboratorio", "pk": 45}, {"fields": {"servicio": 111, "seccion_trabajo": 15, "codigo_internacional": "906605", "nombre": "ANTIGENO DE CANCER 125 (CA 1225)", "codigo": "C125", "equipo": 1}, "model": "laboratorios.laboratorio", "pk": 46}, {"fields": {"servicio": 112, "seccion_trabajo": 15, "codigo_internacional": "906604", "nombre": "ANTIGENO DE CANCER 15.3 (CA 15.3)", "codigo": "CA153", "equipo": 1}, "model": "laboratorios.laboratorio", "pk": 47}, {"fields": {"servicio": 113, "seccion_trabajo": 15, "codigo_internacional": "906606", "nombre": "ANTIGENO DE CANCER 19.9 (CA 19.9)", "codigo": "CA199", "equipo": 1}, "model": "laboratorios.laboratorio", "pk": 48}, {"fields": {"servicio": 114, "seccion_trabajo": 15, "codigo_internacional": "903809", "nombre": "BILIRRUBINA TOTAL Y DIRECTA", "codigo": "BIL", "equipo": 1}, "model": "laboratorios.laboratorio", "pk": 49}, {"fields": {"servicio": 115, "seccion_trabajo": 15, "codigo_internacional": "903856", "nombre": "BUN NITROGENO UREICO", "codigo": "BUN", "equipo": 1}, "model": "laboratorios.laboratorio", "pk": 50}, {"fields": {"servicio": 117, "seccion_trabajo": 15, "codigo_internacional": "903811", "nombre": "CALCIO EN ORINA DE 24 HORAS", "codigo": "CAORI", "equipo": 1}, "model": "laboratorios.laboratorio", "pk": 51}, {"fields": {"servicio": 118, "seccion_trabajo": 15, "codigo_internacional": "903810", "nombre": "CALCIO SERICO", "codigo": "CALC", "equipo": 1}, "model": "laboratorios.laboratorio", "pk": 52}, {"fields": {"servicio": 119, "seccion_trabajo": 15, "codigo_internacional": "906621", "nombre": "CALCITONINA", "codigo": "CALCIT", "equipo": 1}, "model": "laboratorios.laboratorio", "pk": 53}, {"fields": {"servicio": 120, "seccion_trabajo": 15, "codigo_internacional": "905207", "nombre": "CARBAMAZEPINA", "codigo": "CARBAM", "equipo": 1}, "model": "laboratorios.laboratorio", "pk": 54}, {"fields": {"servicio": 121, "seccion_trabajo": 15, "codigo_internacional": "906840", "nombre": "CARGA VIRAL (RECUENTO VIRAL)", "codigo": "CARGA", "equipo": 1}, "model": "laboratorios.laboratorio", "pk": 55}, {"fields": {"servicio": 122, "seccion_trabajo": 15, "codigo_internacional": "903813", "nombre": "CLORO SERICO", "codigo": "CLORO", "equipo": 1}, "model": "laboratorios.laboratorio", "pk": 56}, {"fields": {"servicio": 123, "seccion_trabajo": 15, "codigo_internacional": "903814", "nombre": "CLORO EN ORINA", "codigo": "CLOORI", "equipo": 1}, "model": "laboratorios.laboratorio", "pk": 57}, {"fields": {"servicio": 124, "seccion_trabajo": 15, "codigo_internacional": "907004", "nombre": "COPROLOGICO DIRIGIDO", "codigo": "COPROS", "equipo": 1}, "model": "laboratorios.laboratorio", "pk": 58}, {"fields": {"servicio": 125, "seccion_trabajo": 15, "codigo_internacional": "907002", "nombre": "COPROLOGICO SERIADO (1 MUESTRA)", "codigo": "COPRO1", "equipo": 1}, "model": "laboratorios.laboratorio", "pk": 59}, {"fields": {"servicio": 126, "seccion_trabajo": 15, "codigo_internacional": "907002", "nombre": "COPROLOGICO SERIADO (2 MUESTRA )", "codigo": "COPRO2", "equipo": 1}, "model": "laboratorios.laboratorio", "pk": 60}, {"fields": {"servicio": 127, "seccion_trabajo": 15, "codigo_internacional": "907002", "nombre": "COPROPLOGICO SERIADO (3 MUESTRA)", "codigo": "COPRO3", "equipo": 1}, "model": "laboratorios.laboratorio", "pk": 61}, {"fields": {"servicio": 128, "seccion_trabajo": 15, "codigo_internacional": "904805", "nombre": "CORTISOL SERICO", "codigo": "CORTIS", "equipo": 1}, "model": "laboratorios.laboratorio", "pk": 62}, {"fields": {"servicio": 129, "seccion_trabajo": 15, "codigo_internacional": "903821", "nombre": "CREATIN KINASA CPK", "codigo": "CPK", "equipo": 1}, "model": "laboratorios.laboratorio", "pk": 63}, {"fields": {"servicio": 130, "seccion_trabajo": 15, "codigo_internacional": "903819", "nombre": "CREATIN KINASA CPK-MB", "codigo": "CPKMB", "equipo": 1}, "model": "laboratorios.laboratorio", "pk": 64}, {"fields": {"servicio": 131, "seccion_trabajo": 15, "codigo_internacional": "903824", "nombre": "CREATININA EN ORINA", "codigo": "CREAOR", "equipo": 1}, "model": "laboratorios.laboratorio", "pk": 65}, {"fields": {"servicio": 132, "seccion_trabajo": 15, "codigo_internacional": "903826", "nombre": "CUERPOS CETONICOS EN ORINA", "codigo": "CUCEOR", "equipo": 1}, "model": "laboratorios.laboratorio", "pk": 66}, {"fields": {"servicio": 133, "seccion_trabajo": 15, "codigo_internacional": "903827", "nombre": "CUERPOS CETONICOS EN SANGRE", "codigo": "CUCESA", "equipo": 1}, "model": "laboratorios.laboratorio", "pk": 67}, {"fields": {"servicio": 134, "seccion_trabajo": 15, "codigo_internacional": "901218", "nombre": "CULTIVO DE SECRECION URETRAL Y ANTIBIOGRAMA", "codigo": "CUSU", "equipo": 1}, "model": "laboratorios.laboratorio", "pk": 68}, {"fields": {"servicio": 135, "seccion_trabajo": 15, "codigo_internacional": "901217", "nombre": "CULTIVO SECRECION OCULAR", "codigo": "CUSEOC", "equipo": 1}, "model": "laboratorios.laboratorio", "pk": 69}, {"fields": {"servicio": 136, "seccion_trabajo": 15, "codigo_internacional": "901217", "nombre": "CULTIVO SECRECION OPTICA", "codigo": "CUSEOT", "equipo": 1}, "model": "laboratorios.laboratorio", "pk": 70}, {"fields": {"servicio": 137, "seccion_trabajo": 15, "codigo_internacional": "901217", "nombre": "CULTIVO Y A/B PARA MICROORGANISMOS", "codigo": "GERCOM", "equipo": 1}, "model": "laboratorios.laboratorio", "pk": 71}, {"fields": {"servicio": 138, "seccion_trabajo": 15, "codigo_internacional": "906207", "nombre": "DENGUE ANTICUERPOS IgG", "codigo": "DENGIG", "equipo": 1}, "model": "laboratorios.laboratorio", "pk": 72}, {"fields": {"servicio": 139, "seccion_trabajo": 15, "codigo_internacional": "906208", "nombre": "DENGUE ANTICUERPOS IgM", "codigo": "DENGIM", "equipo": 1}, "model": "laboratorios.laboratorio", "pk": 73}, {"fields": {"servicio": 140, "seccion_trabajo": 15, "codigo_internacional": "903823", "nombre": "DEPURACION DE CREATININA", "codigo": "DEPUR", "equipo": 1}, "model": "laboratorios.laboratorio", "pk": 74}, {"fields": {"servicio": 141, "seccion_trabajo": 15, "codigo_internacional": "903828", "nombre": "DESHIDROGENASA LACTICA L.D.H", "codigo": "LDH", "equipo": 1}, "model": "laboratorios.laboratorio", "pk": 75}, {"fields": {"servicio": 142, "seccion_trabajo": 15, "codigo_internacional": "902219", "nombre": "EOSINOFILOS EN MOCO NASAL", "codigo": "EOSI", "equipo": 1}, "model": "laboratorios.laboratorio", "pk": 76}, {"fields": {"servicio": 143, "seccion_trabajo": 15, "codigo_internacional": "905711", "nombre": "ESCOPOLAMINA", "codigo": "ESCOPO", "equipo": 1}, "model": "laboratorios.laboratorio", "pk": 77}, {"fields": {"servicio": 145, "seccion_trabajo": 15, "codigo_internacional": "907201", "nombre": "ESPERMOGRAMA BASICO", "codigo": "ESPEBA", "equipo": 1}, "model": "laboratorios.laboratorio", "pk": 78}, {"fields": {"servicio": 146, "seccion_trabajo": 15, "codigo_internacional": "903013", "nombre": "ESPERMOGRAMA COMPLETO", "codigo": "ESPECO", "equipo": 1}, "model": "laboratorios.laboratorio", "pk": 79}, {"fields": {"servicio": 147, "seccion_trabajo": 15, "codigo_internacional": "901227", "nombre": "ESPUTO CULTIVO BK", "codigo": "CULBK", "equipo": 1}, "model": "laboratorios.laboratorio", "pk": 80}, {"fields": {"servicio": 148, "seccion_trabajo": 15, "codigo_internacional": "904503", "nombre": "ESTRADIOL SERICO", "codigo": "ESTRAD", "equipo": 1}, "model": "laboratorios.laboratorio", "pk": 81}, {"fields": {"servicio": 149, "seccion_trabajo": 15, "codigo_internacional": "904504", "nombre": "ESTRIOL", "codigo": "ESTRI", "equipo": 1}, "model": "laboratorios.laboratorio", "pk": 82}, {"fields": {"servicio": 150, "seccion_trabajo": 15, "codigo_internacional": "904506", "nombre": "ESTROGENOS", "codigo": "ESTRO", "equipo": 1}, "model": "laboratorios.laboratorio", "pk": 83}, {"fields": {"servicio": 151, "seccion_trabajo": 15, "codigo_internacional": "902206", "nombre": "EXTENDIDO DE SANGRE PERIFERICA", "codigo": "ESP", "equipo": 1}, "model": "laboratorios.laboratorio", "pk": 84}, {"fields": {"servicio": 152, "seccion_trabajo": 15, "codigo_internacional": "904105", "nombre": "F.S.H", "codigo": "F22", "equipo": 1}, "model": "laboratorios.laboratorio", "pk": 85}, {"fields": {"servicio": 153, "seccion_trabajo": 15, "codigo_internacional": "906910", "nombre": "FACTOR REUMATOIDEO CUALITATIVO", "codigo": "FRCUAL", "equipo": 1}, "model": "laboratorios.laboratorio", "pk": 86}, {"fields": {"servicio": 154, "seccion_trabajo": 15, "codigo_internacional": "906911", "nombre": "FACTOR REUMATOIDEO SEMICUANTITATIVO", "codigo": "FRCUAN", "equipo": 1}, "model": "laboratorios.laboratorio", "pk": 87}, {"fields": {"servicio": 155, "seccion_trabajo": 15, "codigo_internacional": "905216", "nombre": "FENOBARBITAL", "codigo": "FENOB", "equipo": 1}, "model": "laboratorios.laboratorio", "pk": 88}, {"fields": {"servicio": 156, "seccion_trabajo": 15, "codigo_internacional": "903016", "nombre": "FERRITINA", "codigo": "FERRI", "equipo": 1}, "model": "laboratorios.laboratorio", "pk": 89}, {"fields": {"servicio": 157, "seccion_trabajo": 15, "codigo_internacional": "902024", "nombre": "FIBRINOGENO POR COAGULACION", "codigo": "FIBRI", "equipo": 1}, "model": "laboratorios.laboratorio", "pk": 90}, {"fields": {"servicio": 158, "seccion_trabajo": 15, "codigo_internacional": "902034", "nombre": "FIBRINOGENO PRODUCTO DE DEGRADACION", "codigo": "FIBDEG", "equipo": 1}, "model": "laboratorios.laboratorio", "pk": 91}, {"fields": {"servicio": 160, "seccion_trabajo": 15, "codigo_internacional": "903830", "nombre": "FOSFATASA ACIDA TOTAL", "codigo": "FAC", "equipo": 1}, "model": "laboratorios.laboratorio", "pk": 92}, {"fields": {"servicio": 161, "seccion_trabajo": 15, "codigo_internacional": "903836", "nombre": "FOSFORO EN ORINA", "codigo": "FOSFORI", "equipo": 1}, "model": "laboratorios.laboratorio", "pk": 93}, {"fields": {"servicio": 162, "seccion_trabajo": 15, "codigo_internacional": "903835", "nombre": "FOSFORO INORGANICO", "codigo": "FOSF", "equipo": 1}, "model": "laboratorios.laboratorio", "pk": 94}, {"fields": {"servicio": 163, "seccion_trabajo": 15, "codigo_internacional": "902107", "nombre": "FRAGILIDAD OSMOTICA", "codigo": "FRAOSM", "equipo": 1}, "model": "laboratorios.laboratorio", "pk": 95}, {"fields": {"servicio": 164, "seccion_trabajo": 15, "codigo_internacional": "907005", "nombre": "FROTIS RECTAL", "codigo": "FROREC", "equipo": 1}, "model": "laboratorios.laboratorio", "pk": 96}, {"fields": {"servicio": 165, "seccion_trabajo": 15, "codigo_internacional": "903425", "nombre": "FRUCTOSAMINA", "codigo": "FRUCT", "equipo": 1}, "model": "laboratorios.laboratorio", "pk": 97}, {"fields": {"servicio": 166, "seccion_trabajo": 15, "codigo_internacional": "906039", "nombre": "FTA ABSORVIDO (FTA ABS)", "codigo": "FTA", "equipo": 1}, "model": "laboratorios.laboratorio", "pk": 98}, {"fields": {"servicio": 167, "seccion_trabajo": 15, "codigo_internacional": "903838", "nombre": "GAMMA GLUTAMIL TRANSFARASA GGT", "codigo": "GGT", "equipo": 1}, "model": "laboratorios.laboratorio", "pk": 99}, {"fields": {"servicio": 168, "seccion_trabajo": 15, "codigo_internacional": "901303", "nombre": "GARGANTA FROTIS MICROSCOPICO", "codigo": "FROFAR", "equipo": 1}, "model": "laboratorios.laboratorio", "pk": 100}, {"fields": {"servicio": 170, "seccion_trabajo": 15, "codigo_internacional": "903839", "nombre": "GASOMETRIA ARTERIAL", "codigo": "GASART", "equipo": 1}, "model": "laboratorios.laboratorio", "pk": 101}, {"fields": {"servicio": 172, "seccion_trabajo": 15, "codigo_internacional": "903843", "nombre": "GLICEMIAPRE Y POST PRANDIAL (2 HORAS)", "codigo": "GLIPP", "equipo": 1}, "model": "laboratorios.laboratorio", "pk": 102}, {"fields": {"servicio": 173, "seccion_trabajo": 15, "codigo_internacional": "903422", "nombre": "GLICOHEMOGLOBINA HB AIC", "codigo": "GLIHB", "equipo": 1}, "model": "laboratorios.laboratorio", "pk": 103}, {"fields": {"servicio": 174, "seccion_trabajo": 15, "codigo_internacional": "902108", "nombre": "GLUCOSA 6 FOSFATOS DESHIDROGENSA CUALITATIVA", "codigo": "G6PDHC", "equipo": 1}, "model": "laboratorios.laboratorio", "pk": 104}, {"fields": {"servicio": 175, "seccion_trabajo": 15, "codigo_internacional": "902109", "nombre": "GLUCOSA 6 FOSFATOS DESHIDROGENSA CUANTITATIVA", "codigo": "G6PDHQ", "equipo": 1}, "model": "laboratorios.laboratorio", "pk": 105}, {"fields": {"servicio": 176, "seccion_trabajo": 15, "codigo_internacional": "903840", "nombre": "GLUCOSURIA", "codigo": "GLURIA", "equipo": 1}, "model": "laboratorios.laboratorio", "pk": 106}, {"fields": {"servicio": 177, "seccion_trabajo": 15, "codigo_internacional": "906249", "nombre": "HIV (VIRUS DE INMUNODEFICIENCIA HUMANA)", "codigo": "HIV", "equipo": 1}, "model": "laboratorios.laboratorio", "pk": 107}, {"fields": {"servicio": 178, "seccion_trabajo": 15, "codigo_internacional": "901222", "nombre": "HEMOCULTIVO", "codigo": "HEMOC", "equipo": 1}, "model": "laboratorios.laboratorio", "pk": 108}, {"fields": {"servicio": 179, "seccion_trabajo": 15, "codigo_internacional": "901222", "nombre": "HEMOCULTIVO SERIADO 1 MUESTRA", "codigo": "HEMOC1", "equipo": 1}, "model": "laboratorios.laboratorio", "pk": 109}, {"fields": {"servicio": 180, "seccion_trabajo": 15, "codigo_internacional": "901222", "nombre": "HEMOCULTIVO SERIADO 2 MUESTRA", "codigo": "HEMOC2", "equipo": 1}, "model": "laboratorios.laboratorio", "pk": 110}, {"fields": {"servicio": 181, "seccion_trabajo": 15, "codigo_internacional": "901222", "nombre": "HEMOCULTIVO SERIADO 3 MUESTRA", "codigo": "HEMOC3", "equipo": 1}, "model": "laboratorios.laboratorio", "pk": 111}, {"fields": {"servicio": 182, "seccion_trabajo": 15, "codigo_internacional": "903427", "nombre": "HEMOGLOBINA GLICOSILADA", "codigo": "HBGLI", "equipo": 1}, "model": "laboratorios.laboratorio", "pk": 112}, {"fields": {"servicio": 183, "seccion_trabajo": 15, "codigo_internacional": "906129", "nombre": "HEPATITIS A ANTI TOTALES", "codigo": "HEPA", "equipo": 1}, "model": "laboratorios.laboratorio", "pk": 113}, {"fields": {"servicio": 184, "seccion_trabajo": 15, "codigo_internacional": "906218", "nombre": "HEPATITIS A ANTICUERPOS IgM", "codigo": "HEPAM", "equipo": 1}, "model": "laboratorios.laboratorio", "pk": 114}, {"fields": {"servicio": 186, "seccion_trabajo": 15, "codigo_internacional": "906220", "nombre": "HEPATITIS B ANTI c  IgM", "codigo": "HBAGE", "equipo": 1}, "model": "laboratorios.laboratorio", "pk": 115}, {"fields": {"servicio": 187, "seccion_trabajo": 15, "codigo_internacional": "906221", "nombre": "HEPATITIS B ANTICORE HBC", "codigo": "HBCOR", "equipo": 1}, "model": "laboratorios.laboratorio", "pk": 116}, {"fields": {"servicio": 188, "seccion_trabajo": 15, "codigo_internacional": "906225", "nombre": "HEPATITIS C ANTICUERPOS", "codigo": "HEPC", "equipo": 1}, "model": "laboratorios.laboratorio", "pk": 117}, {"fields": {"servicio": 189, "seccion_trabajo": 15, "codigo_internacional": "906226", "nombre": "HEPATITIS D ANTI ANTIGENO DELTA", "codigo": "HEPD", "equipo": 1}, "model": "laboratorios.laboratorio", "pk": 118}, {"fields": {"servicio": 190, "seccion_trabajo": 15, "codigo_internacional": "906228", "nombre": "HERPES TIPO I ANTI IgG", "codigo": "HERIG", "equipo": 1}, "model": "laboratorios.laboratorio", "pk": 119}, {"fields": {"servicio": 192, "seccion_trabajo": 15, "codigo_internacional": "906230", "nombre": "HERPES TIPO II ANTI IgG", "codigo": "HERIIG", "equipo": 1}, "model": "laboratorios.laboratorio", "pk": 120}, {"fields": {"servicio": 193, "seccion_trabajo": 15, "codigo_internacional": "906231", "nombre": "HERPES TIPO II ANTI IgM", "codigo": "HERIIM", "equipo": 1}, "model": "laboratorios.laboratorio", "pk": 121}, {"fields": {"servicio": 194, "seccion_trabajo": 15, "codigo_internacional": "903846", "nombre": "HIERRO SERICO", "codigo": "HIERRO", "equipo": 1}, "model": "laboratorios.laboratorio", "pk": 122}, {"fields": {"servicio": 195, "seccion_trabajo": 15, "codigo_internacional": "901212", "nombre": "HONGOS CULTIVO", "codigo": "CULHON", "equipo": 1}, "model": "laboratorios.laboratorio", "pk": 123}, {"fields": {"servicio": 196, "seccion_trabajo": 15, "codigo_internacional": "901305", "nombre": "HONGOS MICROSCOPICOS K.O.H", "codigo": "KOH", "equipo": 1}, "model": "laboratorios.laboratorio", "pk": 124}, {"fields": {"servicio": 197, "seccion_trabajo": 15, "codigo_internacional": "904103", "nombre": "HORMONA ANDRENOCORTICOTROPICA (A.C.T.H)", "codigo": "ACTH", "equipo": 1}, "model": "laboratorios.laboratorio", "pk": 125}, {"fields": {"servicio": 198, "seccion_trabajo": 15, "codigo_internacional": "904201", "nombre": "HORMONA DE CRECIMIENTO POST CLONDINA 2 MUESTRA", "codigo": "ACTHPC", "equipo": 1}, "model": "laboratorios.laboratorio", "pk": 126}, {"fields": {"servicio": 201, "seccion_trabajo": 15, "codigo_internacional": "904104", "nombre": "HORMONA DEL CRECIMIENTO G.H", "codigo": "GH", "equipo": 1}, "model": "laboratorios.laboratorio", "pk": 127}, {"fields": {"servicio": 202, "seccion_trabajo": 15, "codigo_internacional": "904904", "nombre": "HORMONA ESIMULANTE DEL TIROIDES (T.S.H)", "codigo": "TSH", "equipo": 1}, "model": "laboratorios.laboratorio", "pk": 128}, {"fields": {"servicio": 203, "seccion_trabajo": 15, "codigo_internacional": "904105", "nombre": "HORMONA FOLICULO ESTIMULANTE (F.S.H)", "codigo": "FSH", "equipo": 1}, "model": "laboratorios.laboratorio", "pk": 129}, {"fields": {"servicio": 204, "seccion_trabajo": 15, "codigo_internacional": "904107", "nombre": "HORMONA LUTEIZANTE L.H", "codigo": "LH", "equipo": 1}, "model": "laboratorios.laboratorio", "pk": 130}, {"fields": {"servicio": 205, "seccion_trabajo": 15, "codigo_internacional": "904913", "nombre": "HORMONA PARATOIDEA P.T.H", "codigo": "PTH", "equipo": 1}, "model": "laboratorios.laboratorio", "pk": 131}, {"fields": {"servicio": 206, "seccion_trabajo": 15, "codigo_internacional": "906826", "nombre": "INMUNOGLOBULINA A (IgA)", "codigo": "IGA", "equipo": 1}, "model": "laboratorios.laboratorio", "pk": 132}, {"fields": {"servicio": 207, "seccion_trabajo": 15, "codigo_internacional": "906835", "nombre": "INMUNOGLOBULINA E ( IgE)", "codigo": "IGE", "equipo": 1}, "model": "laboratorios.laboratorio", "pk": 133}, {"fields": {"servicio": 209, "seccion_trabajo": 15, "codigo_internacional": "906831", "nombre": "INMUNOGLOBULINA M (IgM)", "codigo": "IGM", "equipo": 1}, "model": "laboratorios.laboratorio", "pk": 134}, {"fields": {"servicio": 210, "seccion_trabajo": 15, "codigo_internacional": "903847", "nombre": "LIPASA", "codigo": "LIPASA", "equipo": 1}, "model": "laboratorios.laboratorio", "pk": 135}, {"fields": {"servicio": 211, "seccion_trabajo": 15, "codigo_internacional": "903854", "nombre": "MAGNESIO Mg", "codigo": "MG", "equipo": 1}, "model": "laboratorios.laboratorio", "pk": 136}, {"fields": {"servicio": 212, "seccion_trabajo": 15, "codigo_internacional": "903027", "nombre": "MICROALBUMINURIA", "codigo": "MO4", "equipo": 1}, "model": "laboratorios.laboratorio", "pk": 137}, {"fields": {"servicio": 213, "seccion_trabajo": 15, "codigo_internacional": "902205", "nombre": "MORFOLOGIA GLOBULAR F.S.P", "codigo": "M26", "equipo": 1}, "model": "laboratorios.laboratorio", "pk": 138}, {"fields": {"servicio": 214, "seccion_trabajo": 15, "codigo_internacional": "903860", "nombre": "POTASIO EN ORINA DE 24 HORAS", "codigo": "POTOR", "equipo": 1}, "model": "laboratorios.laboratorio", "pk": 139}, {"fields": {"servicio": 215, "seccion_trabajo": 15, "codigo_internacional": "903859", "nombre": "POTASIO SERICO (K)", "codigo": "POT", "equipo": 1}, "model": "laboratorios.laboratorio", "pk": 140}, {"fields": {"servicio": 216, "seccion_trabajo": 15, "codigo_internacional": "904510", "nombre": "PROGESTERONA", "codigo": "PROG", "equipo": 1}, "model": "laboratorios.laboratorio", "pk": 141}, {"fields": {"servicio": 217, "seccion_trabajo": 15, "codigo_internacional": "904108", "nombre": "PROLACTINA MUESTRA UNICA", "codigo": "PRL", "equipo": 1}, "model": "laboratorios.laboratorio", "pk": 142}, {"fields": {"servicio": 255, "seccion_trabajo": 15, "codigo_internacional": "904109", "nombre": "PROLACTINA POOL DE 3 MUESTRA", "codigo": "POOL", "equipo": 1}, "model": "laboratorios.laboratorio", "pk": 143}, {"fields": {"servicio": 218, "seccion_trabajo": 15, "codigo_internacional": "902034", "nombre": "PROTEINA C ANTICOAGULANTE", "codigo": "P24", "equipo": 1}, "model": "laboratorios.laboratorio", "pk": 144}, {"fields": {"servicio": 219, "seccion_trabajo": 15, "codigo_internacional": "906913", "nombre": "PROTEINA C REACTIVA CUANTITATIVA", "codigo": "PCR", "equipo": 1}, "model": "laboratorios.laboratorio", "pk": 145}, {"fields": {"servicio": 220, "seccion_trabajo": 15, "codigo_internacional": "906914", "nombre": "PROTEINA C REACTIVA SEMICUANTITATIVA", "codigo": "PCRSEM", "equipo": 1}, "model": "laboratorios.laboratorio", "pk": 146}, {"fields": {"servicio": 221, "seccion_trabajo": 15, "codigo_internacional": "903861", "nombre": "PROTEINAS DIFERENCIADAS", "codigo": "PROT", "equipo": 1}, "model": "laboratorios.laboratorio", "pk": 147}, {"fields": {"servicio": 222, "seccion_trabajo": 15, "codigo_internacional": "903862", "nombre": "PROTEINAS EN ORINA DE 24 HORAS", "codigo": "PROT 24", "equipo": 1}, "model": "laboratorios.laboratorio", "pk": 148}, {"fields": {"servicio": 223, "seccion_trabajo": 15, "codigo_internacional": "903863", "nombre": "PROTEINAS TOTALES", "codigo": "PROTOT", "equipo": 1}, "model": "laboratorios.laboratorio", "pk": 149}, {"fields": {"servicio": 224, "seccion_trabajo": 15, "codigo_internacional": "903845", "nombre": "PRUEBA DE O'SULLIVAN 2 MUESTRA", "codigo": "SULI2M", "equipo": 1}, "model": "laboratorios.laboratorio", "pk": 150}, {"fields": {"servicio": 226, "seccion_trabajo": 15, "codigo_internacional": "903844", "nombre": "PRUEBA DE TOLERANCIA A LA GLUCOSA 2 HORAS", "codigo": "P43", "equipo": 1}, "model": "laboratorios.laboratorio", "pk": 151}, {"fields": {"servicio": 229, "seccion_trabajo": 15, "codigo_internacional": "906911", "nombre": "R.A TEST", "codigo": "RA", "equipo": 1}, "model": "laboratorios.laboratorio", "pk": 152}, {"fields": {"servicio": 230, "seccion_trabajo": 15, "codigo_internacional": "906915", "nombre": "R.P.R EN SUERO", "codigo": "R.P.R", "equipo": 1}, "model": "laboratorios.laboratorio", "pk": 153}, {"fields": {"servicio": 231, "seccion_trabajo": 15, "codigo_internacional": "90222", "nombre": "RETICULOCITOS", "codigo": "RETI", "equipo": 1}, "model": "laboratorios.laboratorio", "pk": 154}, {"fields": {"servicio": 232, "seccion_trabajo": 15, "codigo_internacional": "907008", "nombre": "SANGRE OCULTA EN HECES", "codigo": "SAHEC", "equipo": 1}, "model": "laboratorios.laboratorio", "pk": 155}, {"fields": {"servicio": 233, "seccion_trabajo": 15, "codigo_internacional": "901304", "nombre": "SECRECION URETRAL MICROSC", "codigo": "SU", "equipo": 1}, "model": "laboratorios.laboratorio", "pk": 156}, {"fields": {"servicio": 234, "seccion_trabajo": 15, "codigo_internacional": "901232", "nombre": "SECRECION VAGINAL CULTIVO", "codigo": "S11", "equipo": 1}, "model": "laboratorios.laboratorio", "pk": 157}, {"fields": {"servicio": 235, "seccion_trabajo": 15, "codigo_internacional": "901304", "nombre": "SECRECION VAGINAL MICROSCOPICO", "codigo": "FV", "equipo": 1}, "model": "laboratorios.laboratorio", "pk": 158}, {"fields": {"servicio": 236, "seccion_trabajo": 15, "codigo_internacional": "901232", "nombre": "SECRECION VAGINAL CULTIVO A Y B", "codigo": "CULSV", "equipo": 1}, "model": "laboratorios.laboratorio", "pk": 159}, {"fields": {"servicio": 239, "seccion_trabajo": 15, "codigo_internacional": "903865", "nombre": "SODIO EN ORINA DE 24 HORAS", "codigo": "SODOR", "equipo": 1}, "model": "laboratorios.laboratorio", "pk": 160}, {"fields": {"servicio": 240, "seccion_trabajo": 15, "codigo_internacional": "903864", "nombre": "SODIO SERICO", "codigo": "SODIO", "equipo": 1}, "model": "laboratorios.laboratorio", "pk": 161}, {"fields": {"servicio": 241, "seccion_trabajo": 15, "codigo_internacional": "904903", "nombre": "T.S.H NEONATAL", "codigo": "TSHNEO", "equipo": 1}, "model": "laboratorios.laboratorio", "pk": 162}, {"fields": {"servicio": 242, "seccion_trabajo": 15, "codigo_internacional": "903439", "nombre": "TROPONINA", "codigo": "TROP", "equipo": 1}, "model": "laboratorios.laboratorio", "pk": 163}, {"fields": {"servicio": 243, "seccion_trabajo": 15, "codigo_internacional": "904601", "nombre": "TESTOSTERONA LIBRE", "codigo": "TESLIB", "equipo": 1}, "model": "laboratorios.laboratorio", "pk": 164}, {"fields": {"servicio": 244, "seccion_trabajo": 15, "codigo_internacional": "904602", "nombre": "TESTOSTERONA TOTAL", "codigo": "TESTOT", "equipo": 1}, "model": "laboratorios.laboratorio", "pk": 165}, {"fields": {"servicio": 245, "seccion_trabajo": 15, "codigo_internacional": "902045", "nombre": "TIEMPO DE PROTOMBINA", "codigo": "TP", "equipo": 1}, "model": "laboratorios.laboratorio", "pk": 166}, {"fields": {"servicio": 246, "seccion_trabajo": 15, "codigo_internacional": "902047", "nombre": "TIEMPO DE SANGRIA", "codigo": "TS", "equipo": 1}, "model": "laboratorios.laboratorio", "pk": 167}, {"fields": {"servicio": 247, "seccion_trabajo": 15, "codigo_internacional": "902048", "nombre": "TIEMPO DE TROMBINA", "codigo": "TT", "equipo": 1}, "model": "laboratorios.laboratorio", "pk": 168}, {"fields": {"servicio": 248, "seccion_trabajo": 15, "codigo_internacional": "902049", "nombre": "TIEMPO DE PARCIAL DE TROMBOPLASTINA", "codigo": "TPT", "equipo": 1}, "model": "laboratorios.laboratorio", "pk": 169}, {"fields": {"servicio": 249, "seccion_trabajo": 15, "codigo_internacional": "904920", "nombre": "TIROGLOBULINA", "codigo": "TIRGLO", "equipo": 1}, "model": "laboratorios.laboratorio", "pk": 170}, {"fields": {"servicio": 250, "seccion_trabajo": 15, "codigo_internacional": "906127", "nombre": "TOXOPLASMA IgG", "codigo": "TOXOIG", "equipo": 1}, "model": "laboratorios.laboratorio", "pk": 171}, {"fields": {"servicio": 251, "seccion_trabajo": 15, "codigo_internacional": "906129", "nombre": "TOXOPLASMA IgM", "codigo": "TOXOIM", "equipo": 1}, "model": "laboratorios.laboratorio", "pk": 172}, {"fields": {"servicio": 252, "seccion_trabajo": 15, "codigo_internacional": "903869", "nombre": "UREA SERICA", "codigo": "UREA", "equipo": 1}, "model": "laboratorios.laboratorio", "pk": 173}, {"fields": {"servicio": 253, "seccion_trabajo": 15, "codigo_internacional": "903869", "nombre": "UREA EN ORINA", "codigo": "UREAOR", "equipo": 1}, "model": "laboratorios.laboratorio", "pk": 174}, {"fields": {"servicio": 254, "seccion_trabajo": 15, "codigo_internacional": "903608", "nombre": "ZINC", "codigo": "ZINC", "equipo": 1}, "model": "laboratorios.laboratorio", "pk": 175}, {"fields": {"servicio": 144, "seccion_trabajo": 15, "codigo_internacional": "ESPCUL", "nombre": "ESPERMOCULTIVO", "codigo": "ESPCUL", "equipo": 1}, "model": "laboratorios.laboratorio", "pk": 176}, {"fields": {"servicio": 199, "seccion_trabajo": 15, "codigo_internacional": "H44", "nombre": "HORMONA DE CRECIMIENTO POST CLONDINA 4 MUESTRA", "codigo": "H44", "equipo": 1}, "model": "laboratorios.laboratorio", "pk": 177}, {"fields": {"servicio": 200, "seccion_trabajo": 15, "codigo_internacional": "H45", "nombre": "HORMONA DE CRECIMIENTO POST CLONDINA 5 MUESTRA", "codigo": "H45", "equipo": 1}, "model": "laboratorios.laboratorio", "pk": 178}, {"fields": {"servicio": 225, "seccion_trabajo": 15, "codigo_internacional": "SULI4M", "nombre": "PRUEBA DE O' SULLIVAN 4 MUESTRA", "codigo": "SULI4M", "equipo": 1}, "model": "laboratorios.laboratorio", "pk": 179}, {"fields": {"servicio": 227, "seccion_trabajo": 15, "codigo_internacional": "P44", "nombre": "PRUEBA DE TOLERANCIA A LA GLUCOSA 3 HORAS", "codigo": "P44", "equipo": 1}, "model": "laboratorios.laboratorio", "pk": 203}, {"fields": {"servicio": 228, "seccion_trabajo": 15, "codigo_internacional": "P45", "nombre": "PRUEBA DE TOLERANCIA A LA GLUCOSA 4 HORAS", "codigo": "P45", "equipo": 1}, "model": "laboratorios.laboratorio", "pk": 204}, {"fields": {"servicio": 237, "seccion_trabajo": 15, "codigo_internacional": "SEMMIC", "nombre": "SEMEN MICROSCOPICO", "codigo": "SEMMIC", "equipo": 1}, "model": "laboratorios.laboratorio", "pk": 205}, {"fields": {"alarma_inferior": 130, "tipo": "I", "cantidad": 8, "alarma_media": 140, "nombre": "JERINGA", "codigo": "001"}, "model": "laboratorios.producto", "pk": 1}, {"fields": {"alarma_inferior": 130, "tipo": "I", "cantidad": 87, "alarma_media": 140, "nombre": "ALGODON", "codigo": "AL"}, "model": "laboratorios.producto", "pk": 2}, {"fields": {"alarma_inferior": 120, "tipo": "R", "cantidad": 494, "alarma_media": 130, "nombre": "CLORO", "codigo": "CLORO"}, "model": "laboratorios.producto", "pk": 3}, {"fields": {"alarma_inferior": 2, "tipo": "R", "cantidad": 18, "alarma_media": 10, "nombre": "FLORURO", "codigo": "dcsd"}, "model": "laboratorios.producto", "pk": 4}, {"fields": {"descripcion": "POSITIVO/NEGATIVO", "codigo": "POSITIVO/NEGATIVO"}, "model": "laboratorios.caracteristica", "pk": 1}, {"fields": {"descripcion": "CUALITATIVO", "codigo": "CUALITATIVO"}, "model": "laboratorios.caracteristica", "pk": 2}, {"fields": {"descripcion": "COLOR EXCREMENTO", "codigo": "COLOR EXCREMENTO"}, "model": "laboratorios.caracteristica", "pk": 3}, {"fields": {"descripcion": "CRUCES", "codigo": "CRUCES"}, "model": "laboratorios.caracteristica", "pk": 4}, {"fields": {"descripcion": "CONSISTENCIA", "codigo": "CONSISTENCIA"}, "model": "laboratorios.caracteristica", "pk": 5}, {"fields": {"descripcion": "SEMICUANTITATIVO", "codigo": "SEMICUANTITATIVO"}, "model": "laboratorios.caracteristica", "pk": 6}, {"fields": {"descripcion": "MUESTRA DE", "codigo": "MUESTRA DE"}, "model": "laboratorios.caracteristica", "pk": 7}, {"fields": {"descripcion": "GLUCOSURIA", "codigo": "GLUCOSURIA"}, "model": "laboratorios.caracteristica", "pk": 8}, {"fields": {"descripcion": "GRUPO Y RH", "codigo": "GRUPO Y RH"}, "model": "laboratorios.caracteristica", "pk": 9}, {"fields": {"descripcion": "REACTIVIDAD", "codigo": "REACTIVIDAD"}, "model": "laboratorios.caracteristica", "pk": 10}, {"fields": {"descripcion": "COLOR DE ORINA", "codigo": "COLOR DE ORINA"}, "model": "laboratorios.caracteristica", "pk": 11}, {"fields": {"descripcion": "ASPECTO DE ORINA", "codigo": "ASPECTO DE ORINA"}, "model": "laboratorios.caracteristica", "pk": 12}, {"fields": {"descripcion": "PROTEINURIA", "codigo": "PROTEINURIA"}, "model": "laboratorios.caracteristica", "pk": 13}, {"fields": {"descripcion": "PH", "codigo": "PH"}, "model": "laboratorios.caracteristica", "pk": 14}, {"fields": {"descripcion": "DENSIDAD", "codigo": "DENSIDAD"}, "model": "laboratorios.caracteristica", "pk": 15}, {"fields": {"descripcion": "CETONURIA", "codigo": "CETONURIA"}, "model": "laboratorios.caracteristica", "pk": 16}, {"fields": {"descripcion": "BILIRRUBINA", "codigo": "BILIRRUBINA"}, "model": "laboratorios.caracteristica", "pk": 17}, {"fields": {"descripcion": "UROBILINOGENO", "codigo": "UROBILINOGENO"}, "model": "laboratorios.caracteristica", "pk": 18}, {"fields": {"descripcion": "HEMATURIA", "codigo": "HEMATURIA"}, "model": "laboratorios.caracteristica", "pk": 19}, {"fields": {"caracteristica": 1, "nombre": "POSITIVO"}, "model": "laboratorios.especificacioncaracteristica", "pk": 1}, {"fields": {"caracteristica": 1, "nombre": "NEGATIVO"}, "model": "laboratorios.especificacioncaracteristica", "pk": 2}, {"fields": {"caracteristica": 2, "nombre": "AUMENTADO"}, "model": "laboratorios.especificacioncaracteristica", "pk": 3}, {"fields": {"caracteristica": 2, "nombre": "AUSENTE"}, "model": "laboratorios.especificacioncaracteristica", "pk": 4}, {"fields": {"caracteristica": 2, "nombre": "BUENO"}, "model": "laboratorios.especificacioncaracteristica", "pk": 5}, {"fields": {"caracteristica": 2, "nombre": "DISMINUIDO"}, "model": "laboratorios.especificacioncaracteristica", "pk": 6}, {"fields": {"caracteristica": 2, "nombre": "ESCASOS"}, "model": "laboratorios.especificacioncaracteristica", "pk": 7}, {"fields": {"caracteristica": 2, "nombre": "MODERADO"}, "model": "laboratorios.especificacioncaracteristica", "pk": 8}, {"fields": {"caracteristica": 2, "nombre": "NEGATIVO"}, "model": "laboratorios.especificacioncaracteristica", "pk": 9}, {"fields": {"caracteristica": 2, "nombre": "NO"}, "model": "laboratorios.especificacioncaracteristica", "pk": 10}, {"fields": {"caracteristica": 2, "nombre": "NORMAL"}, "model": "laboratorios.especificacioncaracteristica", "pk": 11}, {"fields": {"caracteristica": 2, "nombre": "POSITIVO"}, "model": "laboratorios.especificacioncaracteristica", "pk": 12}, {"fields": {"caracteristica": 2, "nombre": "REGULAR"}, "model": "laboratorios.especificacioncaracteristica", "pk": 13}, {"fields": {"caracteristica": 2, "nombre": "SE OBSERVAN"}, "model": "laboratorios.especificacioncaracteristica", "pk": 14}, {"fields": {"caracteristica": 3, "nombre": "AMARILLA"}, "model": "laboratorios.especificacioncaracteristica", "pk": 15}, {"fields": {"caracteristica": 3, "nombre": "MARRON"}, "model": "laboratorios.especificacioncaracteristica", "pk": 16}, {"fields": {"caracteristica": 3, "nombre": "NEGRA"}, "model": "laboratorios.especificacioncaracteristica", "pk": 17}, {"fields": {"caracteristica": 3, "nombre": "PARDA"}, "model": "laboratorios.especificacioncaracteristica", "pk": 18}, {"fields": {"caracteristica": 3, "nombre": "ROJIZA"}, "model": "laboratorios.especificacioncaracteristica", "pk": 19}, {"fields": {"caracteristica": 3, "nombre": "VERDE"}, "model": "laboratorios.especificacioncaracteristica", "pk": 20}, {"fields": {"caracteristica": 5, "nombre": "BLANDA"}, "model": "laboratorios.especificacioncaracteristica", "pk": 21}, {"fields": {"caracteristica": 5, "nombre": "DIARREICA"}, "model": "laboratorios.especificacioncaracteristica", "pk": 22}, {"fields": {"caracteristica": 5, "nombre": "DURA"}, "model": "laboratorios.especificacioncaracteristica", "pk": 23}, {"fields": {"caracteristica": 5, "nombre": "LIQUIDA"}, "model": "laboratorios.especificacioncaracteristica", "pk": 24}, {"fields": {"caracteristica": 5, "nombre": "PASTOSA"}, "model": "laboratorios.especificacioncaracteristica", "pk": 25}, {"fields": {"caracteristica": 5, "nombre": "SEMIBLANDA"}, "model": "laboratorios.especificacioncaracteristica", "pk": 26}, {"fields": {"caracteristica": 5, "nombre": "SEMILIQUIDA"}, "model": "laboratorios.especificacioncaracteristica", "pk": 27}, {"fields": {"caracteristica": 4, "nombre": "+"}, "model": "laboratorios.especificacioncaracteristica", "pk": 28}, {"fields": {"caracteristica": 4, "nombre": "++"}, "model": "laboratorios.especificacioncaracteristica", "pk": 29}, {"fields": {"caracteristica": 4, "nombre": "+++"}, "model": "laboratorios.especificacioncaracteristica", "pk": 30}, {"fields": {"caracteristica": 4, "nombre": "++++"}, "model": "laboratorios.especificacioncaracteristica", "pk": 31}, {"fields": {"caracteristica": 7, "nombre": "FROTIS FARINGEO"}, "model": "laboratorios.especificacioncaracteristica", "pk": 32}, {"fields": {"caracteristica": 7, "nombre": "ORINA"}, "model": "laboratorios.especificacioncaracteristica", "pk": 33}, {"fields": {"caracteristica": 7, "nombre": "SECRECION URETRAL"}, "model": "laboratorios.especificacioncaracteristica", "pk": 34}, {"fields": {"caracteristica": 7, "nombre": "U\u00f1as"}, "model": "laboratorios.especificacioncaracteristica", "pk": 35}, {"fields": {"caracteristica": 6, "nombre": "+"}, "model": "laboratorios.especificacioncaracteristica", "pk": 36}, {"fields": {"caracteristica": 6, "nombre": "++"}, "model": "laboratorios.especificacioncaracteristica", "pk": 37}, {"fields": {"caracteristica": 6, "nombre": "+++"}, "model": "laboratorios.especificacioncaracteristica", "pk": 38}, {"fields": {"caracteristica": 6, "nombre": "++++"}, "model": "laboratorios.especificacioncaracteristica", "pk": 39}, {"fields": {"caracteristica": 6, "nombre": "ABUNDANTE"}, "model": "laboratorios.especificacioncaracteristica", "pk": 40}, {"fields": {"caracteristica": 6, "nombre": "AUSENTES"}, "model": "laboratorios.especificacioncaracteristica", "pk": 41}, {"fields": {"caracteristica": 6, "nombre": "ESCASOS"}, "model": "laboratorios.especificacioncaracteristica", "pk": 42}, {"fields": {"caracteristica": 6, "nombre": "MODERADO"}, "model": "laboratorios.especificacioncaracteristica", "pk": 43}, {"fields": {"caracteristica": 6, "nombre": "NEGATIVO"}, "model": "laboratorios.especificacioncaracteristica", "pk": 44}, {"fields": {"caracteristica": 6, "nombre": "NO SE OBSERVAN"}, "model": "laboratorios.especificacioncaracteristica", "pk": 45}, {"fields": {"caracteristica": 8, "nombre": "NEGATIVA"}, "model": "laboratorios.especificacioncaracteristica", "pk": 46}, {"fields": {"caracteristica": 8, "nombre": "POSITIVA (+) (100 mgr/dl)"}, "model": "laboratorios.especificacioncaracteristica", "pk": 47}, {"fields": {"caracteristica": 8, "nombre": "POSITIVA (++) (250 mgr/dl)"}, "model": "laboratorios.especificacioncaracteristica", "pk": 48}, {"fields": {"caracteristica": 8, "nombre": "POSITIVA (+++) (500 mgr/dl)"}, "model": "laboratorios.especificacioncaracteristica", "pk": 49}, {"fields": {"caracteristica": 8, "nombre": "POSITIVA (++++) (1000 mgr/dl)"}, "model": "laboratorios.especificacioncaracteristica", "pk": 50}, {"fields": {"caracteristica": 8, "nombre": "POSITIVA (++++) (2000 mgr/dl)"}, "model": "laboratorios.especificacioncaracteristica", "pk": 51}, {"fields": {"caracteristica": 9, "nombre": "A Rh NEGATIVO"}, "model": "laboratorios.especificacioncaracteristica", "pk": 52}, {"fields": {"caracteristica": 9, "nombre": "A Rh POSITIVO"}, "model": "laboratorios.especificacioncaracteristica", "pk": 53}, {"fields": {"caracteristica": 9, "nombre": "AB Rh NEGATIVO"}, "model": "laboratorios.especificacioncaracteristica", "pk": 54}, {"fields": {"caracteristica": 9, "nombre": "AB Rh POSITIVO"}, "model": "laboratorios.especificacioncaracteristica", "pk": 55}, {"fields": {"caracteristica": 9, "nombre": "B Rh NEGATIVO"}, "model": "laboratorios.especificacioncaracteristica", "pk": 56}, {"fields": {"caracteristica": 9, "nombre": "B Rh POSITIVO"}, "model": "laboratorios.especificacioncaracteristica", "pk": 57}, {"fields": {"caracteristica": 9, "nombre": "O Rh NEGATIVO"}, "model": "laboratorios.especificacioncaracteristica", "pk": 58}, {"fields": {"caracteristica": 9, "nombre": "O Rh POSITIVO"}, "model": "laboratorios.especificacioncaracteristica", "pk": 59}, {"fields": {"caracteristica": 10, "nombre": "NO REACTIVA"}, "model": "laboratorios.especificacioncaracteristica", "pk": 60}, {"fields": {"caracteristica": 10, "nombre": "REACTIVA"}, "model": "laboratorios.especificacioncaracteristica", "pk": 61}, {"fields": {"caracteristica": 10, "nombre": "REACTIVA (1DILS)"}, "model": "laboratorios.especificacioncaracteristica", "pk": 62}, {"fields": {"caracteristica": 10, "nombre": "REACTIVA (16DILS)"}, "model": "laboratorios.especificacioncaracteristica", "pk": 63}, {"fields": {"caracteristica": 10, "nombre": "REACTIVA (2DILS)"}, "model": "laboratorios.especificacioncaracteristica", "pk": 64}, {"fields": {"caracteristica": 10, "nombre": "REACTIVA (3DILS)"}, "model": "laboratorios.especificacioncaracteristica", "pk": 65}, {"fields": {"caracteristica": 10, "nombre": "REACTIVA (4DILS)"}, "model": "laboratorios.especificacioncaracteristica", "pk": 66}, {"fields": {"caracteristica": 10, "nombre": "REACTIVA (8DILS)"}, "model": "laboratorios.especificacioncaracteristica", "pk": 67}, {"fields": {"caracteristica": 11, "nombre": "AMARILLA"}, "model": "laboratorios.especificacioncaracteristica", "pk": 68}, {"fields": {"caracteristica": 11, "nombre": "AMARILLA CLARA"}, "model": "laboratorios.especificacioncaracteristica", "pk": 69}, {"fields": {"caracteristica": 11, "nombre": "AMARILLA OSCURA"}, "model": "laboratorios.especificacioncaracteristica", "pk": 70}, {"fields": {"caracteristica": 11, "nombre": "AMARILLA PALIDA"}, "model": "laboratorios.especificacioncaracteristica", "pk": 71}, {"fields": {"caracteristica": 11, "nombre": "AMBAR"}, "model": "laboratorios.especificacioncaracteristica", "pk": 72}, {"fields": {"caracteristica": 11, "nombre": "INCOLORA"}, "model": "laboratorios.especificacioncaracteristica", "pk": 73}, {"fields": {"caracteristica": 11, "nombre": "MARRON"}, "model": "laboratorios.especificacioncaracteristica", "pk": 74}, {"fields": {"caracteristica": 11, "nombre": "ROJIZA"}, "model": "laboratorios.especificacioncaracteristica", "pk": 75}, {"fields": {"caracteristica": 15, "nombre": "1005"}, "model": "laboratorios.especificacioncaracteristica", "pk": 76}, {"fields": {"caracteristica": 15, "nombre": "1010"}, "model": "laboratorios.especificacioncaracteristica", "pk": 77}, {"fields": {"caracteristica": 15, "nombre": "1015"}, "model": "laboratorios.especificacioncaracteristica", "pk": 78}, {"fields": {"caracteristica": 15, "nombre": "1020"}, "model": "laboratorios.especificacioncaracteristica", "pk": 79}, {"fields": {"caracteristica": 15, "nombre": "1025"}, "model": "laboratorios.especificacioncaracteristica", "pk": 80}, {"fields": {"caracteristica": 15, "nombre": "1030"}, "model": "laboratorios.especificacioncaracteristica", "pk": 81}, {"fields": {"caracteristica": 14, "nombre": "5.0"}, "model": "laboratorios.especificacioncaracteristica", "pk": 82}, {"fields": {"caracteristica": 14, "nombre": "6.0"}, "model": "laboratorios.especificacioncaracteristica", "pk": 83}, {"fields": {"caracteristica": 14, "nombre": "6.5"}, "model": "laboratorios.especificacioncaracteristica", "pk": 84}, {"fields": {"caracteristica": 14, "nombre": "7.0"}, "model": "laboratorios.especificacioncaracteristica", "pk": 85}, {"fields": {"caracteristica": 14, "nombre": "7.5"}, "model": "laboratorios.especificacioncaracteristica", "pk": 86}, {"fields": {"caracteristica": 14, "nombre": "8.0"}, "model": "laboratorios.especificacioncaracteristica", "pk": 87}, {"fields": {"caracteristica": 14, "nombre": "9.0"}, "model": "laboratorios.especificacioncaracteristica", "pk": 88}, {"fields": {"caracteristica": 12, "nombre": "LIGERAMENTE TURBIO"}, "model": "laboratorios.especificacioncaracteristica", "pk": 89}, {"fields": {"caracteristica": 12, "nombre": "TRANSPARENTE"}, "model": "laboratorios.especificacioncaracteristica", "pk": 90}, {"fields": {"caracteristica": 12, "nombre": "TURBIO +"}, "model": "laboratorios.especificacioncaracteristica", "pk": 91}, {"fields": {"caracteristica": 12, "nombre": "TURBIO ++"}, "model": "laboratorios.especificacioncaracteristica", "pk": 92}, {"fields": {"caracteristica": 12, "nombre": "TURBIO +++"}, "model": "laboratorios.especificacioncaracteristica", "pk": 93}, {"fields": {"caracteristica": 13, "nombre": "HUELLAS O TRAZAS"}, "model": "laboratorios.especificacioncaracteristica", "pk": 94}, {"fields": {"caracteristica": 13, "nombre": "NEGATIVA"}, "model": "laboratorios.especificacioncaracteristica", "pk": 95}, {"fields": {"caracteristica": 13, "nombre": "POSITIVA (+) (30 mgr/dl)"}, "model": "laboratorios.especificacioncaracteristica", "pk": 96}, {"fields": {"caracteristica": 13, "nombre": "POSITIVA (++) (100 mgr/dl)"}, "model": "laboratorios.especificacioncaracteristica", "pk": 97}, {"fields": {"caracteristica": 13, "nombre": "POSITIVA (+++) (300 mgr/dl)"}, "model": "laboratorios.especificacioncaracteristica", "pk": 98}, {"fields": {"caracteristica": 13, "nombre": "POSITIVA (++++) (2000 mgr/dl)"}, "model": "laboratorios.especificacioncaracteristica", "pk": 99}, {"fields": {"caracteristica": 18, "nombre": "2 UE/dl"}, "model": "laboratorios.especificacioncaracteristica", "pk": 100}, {"fields": {"caracteristica": 18, "nombre": "4 UE/dl"}, "model": "laboratorios.especificacioncaracteristica", "pk": 101}, {"fields": {"caracteristica": 18, "nombre": "8 UE/dl"}, "model": "laboratorios.especificacioncaracteristica", "pk": 102}, {"fields": {"caracteristica": 18, "nombre": "NORMAL"}, "model": "laboratorios.especificacioncaracteristica", "pk": 103}, {"fields": {"caracteristica": 18, "nombre": "MODERADO"}, "model": "laboratorios.especificacioncaracteristica", "pk": 104}, {"fields": {"caracteristica": 19, "nombre": "NEGATIVO"}, "model": "laboratorios.especificacioncaracteristica", "pk": 105}, {"fields": {"caracteristica": 19, "nombre": "POSITIVA (+)"}, "model": "laboratorios.especificacioncaracteristica", "pk": 106}, {"fields": {"caracteristica": 19, "nombre": "POSITIVA (++)"}, "model": "laboratorios.especificacioncaracteristica", "pk": 107}, {"fields": {"caracteristica": 19, "nombre": "POSITIVA (+++)"}, "model": "laboratorios.especificacioncaracteristica", "pk": 108}, {"fields": {"caracteristica": 19, "nombre": "TRAZAS"}, "model": "laboratorios.especificacioncaracteristica", "pk": 109}, {"fields": {"caracteristica": 16, "nombre": "ALTO (80-160 mg/dl)"}, "model": "laboratorios.especificacioncaracteristica", "pk": 110}, {"fields": {"caracteristica": 16, "nombre": "BAJO (15mg/dl)"}, "model": "laboratorios.especificacioncaracteristica", "pk": 111}, {"fields": {"caracteristica": 16, "nombre": "MODERADO (40 mg/dl)"}, "model": "laboratorios.especificacioncaracteristica", "pk": 112}, {"fields": {"caracteristica": 16, "nombre": "NEGATIVO"}, "model": "laboratorios.especificacioncaracteristica", "pk": 113}, {"fields": {"caracteristica": 16, "nombre": "TRAZAS (5mg/dl)"}, "model": "laboratorios.especificacioncaracteristica", "pk": 114}, {"fields": {"caracteristica": 17, "nombre": "ALTO (+++)"}, "model": "laboratorios.especificacioncaracteristica", "pk": 115}, {"fields": {"caracteristica": 17, "nombre": "BAJO (+)"}, "model": "laboratorios.especificacioncaracteristica", "pk": 116}, {"fields": {"caracteristica": 17, "nombre": "MODERADO (++)"}, "model": "laboratorios.especificacioncaracteristica", "pk": 117}, {"fields": {"caracteristica": 17, "nombre": "NEGATIVO"}, "model": "laboratorios.especificacioncaracteristica", "pk": 118}, {"fields": {"registro": 123, "usuario": 17376, "firma": "", "nombre": "shda", "otros": null, "codigo": "daosd", "areas": []}, "model": "laboratorios.bacteriologo", "pk": 1}, {"fields": {"registro": 12938, "usuario": 17377, "firma": "", "nombre": "geamnc", "otros": null, "codigo": "ahdkas", "areas": []}, "model": "laboratorios.bacteriologo", "pk": 2}, {"fields": {"registro": 234, "usuario": 1, "firma": "", "nombre": "geova", "otros": "", "codigo": "wer", "areas": [4, 5, 6, 7, 8, 9, 10, 11, 12, 13, 14, 15]}, "model": "laboratorios.bacteriologo", "pk": 3}, {"fields": {"formato": "[{\"referencias\":{\"M\":{\"minima\":\"\",\"maxima\":\"\"},\"F\":{\"minima\":\"\",\"maxima\":\"\"}},\"referencia\":\"\",\"help\":\"\",\"tipo\":{\"text\":\"Caracteristicas\",\"name\":\"select\",\"help\":\"Con este campo se muestran solo las opciones a partir de una caracteristica escogida.\"},\"choices_select\":[],\"choices\":[{\"id\":14,\"nombre\":\"SE OBSERVAN\",\"caracteristica\":{\"id\":2,\"codigo\":\"CUALITATIVO\",\"descripcion\":\"CUALITATIVO\"},\"text\":\"SE OBSERVAN\"},{\"id\":13,\"nombre\":\"REGULAR\",\"caracteristica\":{\"id\":2,\"codigo\":\"CUALITATIVO\",\"descripcion\":\"CUALITATIVO\"},\"text\":\"REGULAR\"},{\"id\":12,\"nombre\":\"POSITIVO\",\"caracteristica\":{\"id\":2,\"codigo\":\"CUALITATIVO\",\"descripcion\":\"CUALITATIVO\"},\"text\":\"POSITIVO\"},{\"id\":11,\"nombre\":\"NORMAL\",\"caracteristica\":{\"id\":2,\"codigo\":\"CUALITATIVO\",\"descripcion\":\"CUALITATIVO\"},\"text\":\"NORMAL\"},{\"id\":10,\"nombre\":\"NO\",\"caracteristica\":{\"id\":2,\"codigo\":\"CUALITATIVO\",\"descripcion\":\"CUALITATIVO\"},\"text\":\"NO\"},{\"id\":9,\"nombre\":\"NEGATIVO\",\"caracteristica\":{\"id\":2,\"codigo\":\"CUALITATIVO\",\"descripcion\":\"CUALITATIVO\"},\"text\":\"NEGATIVO\"},{\"id\":8,\"nombre\":\"MODERADO\",\"caracteristica\":{\"id\":2,\"codigo\":\"CUALITATIVO\",\"descripcion\":\"CUALITATIVO\"},\"text\":\"MODERADO\"},{\"id\":7,\"nombre\":\"ESCASOS\",\"caracteristica\":{\"id\":2,\"codigo\":\"CUALITATIVO\",\"descripcion\":\"CUALITATIVO\"},\"text\":\"ESCASOS\"},{\"id\":6,\"nombre\":\"DISMINUIDO\",\"caracteristica\":{\"id\":2,\"codigo\":\"CUALITATIVO\",\"descripcion\":\"CUALITATIVO\"},\"text\":\"DISMINUIDO\"},{\"id\":5,\"nombre\":\"BUENO\",\"caracteristica\":{\"id\":2,\"codigo\":\"CUALITATIVO\",\"descripcion\":\"CUALITATIVO\"},\"text\":\"BUENO\"},{\"id\":4,\"nombre\":\"AUSENTE\",\"caracteristica\":{\"id\":2,\"codigo\":\"CUALITATIVO\",\"descripcion\":\"CUALITATIVO\"},\"text\":\"AUSENTE\"},{\"id\":3,\"nombre\":\"AUMENTADO\",\"caracteristica\":{\"id\":2,\"codigo\":\"CUALITATIVO\",\"descripcion\":\"CUALITATIVO\"},\"text\":\"AUMENTADO\"}],\"choices_count\":0,\"model_check\":[],\"nombre\":\"ANTIGENO DE SUPERFICIE HEPATITIS B\",\"unidades\":\"\",\"model_text\":\"\"}]", "laboratorio": 6}, "model": "laboratorios.formato", "pk": 4}, {"fields": {"formato": "[{\"referencias\":{\"M\":{\"minima\":\"\",\"maxima\":\"\"},\"F\":{\"minima\":\"\",\"maxima\":\"\"}},\"referencia\":\"\",\"help\":\"\",\"tipo\":{\"text\":\"Titulo\",\"name\":\"title\",\"help\":\"Con este campo se crear\u00e1 un titulo, el cual servir\u00e1 de separador.\"},\"choices_count\":0,\"choices\":[{\"edit\":false,\"name\":\"Option 1\",\"id\":0}],\"choices_select\":[],\"nombre\":\"ESTUDIO MACROSCOPICO\",\"model_check\":[],\"unidades\":\"\",\"model_text\":\"\"},{\"referencias\":{\"M\":{\"minima\":\"\",\"maxima\":\"\"},\"F\":{\"minima\":\"\",\"maxima\":\"\"}},\"referencia\":\"\",\"help\":\"\",\"tipo\":{\"text\":\"Caracteristicas\",\"name\":\"select\",\"help\":\"Con este campo se muestran solo las opciones a partir de una caracteristica escogida.\"},\"choices_select\":[],\"choices\":[{\"caracteristica\":{\"descripcion\":\"COLOR EXCREMENTO\",\"codigo\":\"COLOR EXCREMENTO\",\"id\":3},\"nombre\":\"VERDE\",\"id\":20,\"text\":\"VERDE\"},{\"caracteristica\":{\"descripcion\":\"COLOR EXCREMENTO\",\"codigo\":\"COLOR EXCREMENTO\",\"id\":3},\"nombre\":\"ROJIZA\",\"id\":19,\"text\":\"ROJIZA\"},{\"caracteristica\":{\"descripcion\":\"COLOR EXCREMENTO\",\"codigo\":\"COLOR EXCREMENTO\",\"id\":3},\"nombre\":\"PARDA\",\"id\":18,\"text\":\"PARDA\"},{\"caracteristica\":{\"descripcion\":\"COLOR EXCREMENTO\",\"codigo\":\"COLOR EXCREMENTO\",\"id\":3},\"nombre\":\"NEGRA\",\"id\":17,\"text\":\"NEGRA\"},{\"caracteristica\":{\"descripcion\":\"COLOR EXCREMENTO\",\"codigo\":\"COLOR EXCREMENTO\",\"id\":3},\"nombre\":\"MARRON\",\"id\":16,\"text\":\"MARRON\"},{\"caracteristica\":{\"descripcion\":\"COLOR EXCREMENTO\",\"codigo\":\"COLOR EXCREMENTO\",\"id\":3},\"nombre\":\"AMARILLA\",\"id\":15,\"text\":\"AMARILLA\"}],\"choices_count\":0,\"model_check\":[],\"nombre\":\"COLOR\",\"unidades\":\"\",\"model_text\":\"\"},{\"referencias\":{\"M\":{\"minima\":\"\",\"maxima\":\"\"},\"F\":{\"minima\":\"\",\"maxima\":\"\"}},\"referencia\":\"\",\"help\":\"\",\"tipo\":{\"text\":\"Caracteristicas\",\"name\":\"select\",\"help\":\"Con este campo se muestran solo las opciones a partir de una caracteristica escogida.\"},\"choices_select\":[],\"choices\":[{\"caracteristica\":{\"descripcion\":\"CONSISTENCIA\",\"codigo\":\"CONSISTENCIA\",\"id\":5},\"nombre\":\"SEMILIQUIDA\",\"id\":27,\"text\":\"SEMILIQUIDA\"},{\"caracteristica\":{\"descripcion\":\"CONSISTENCIA\",\"codigo\":\"CONSISTENCIA\",\"id\":5},\"nombre\":\"SEMIBLANDA\",\"id\":26,\"text\":\"SEMIBLANDA\"},{\"caracteristica\":{\"descripcion\":\"CONSISTENCIA\",\"codigo\":\"CONSISTENCIA\",\"id\":5},\"nombre\":\"PASTOSA\",\"id\":25,\"text\":\"PASTOSA\"},{\"caracteristica\":{\"descripcion\":\"CONSISTENCIA\",\"codigo\":\"CONSISTENCIA\",\"id\":5},\"nombre\":\"LIQUIDA\",\"id\":24,\"text\":\"LIQUIDA\"},{\"caracteristica\":{\"descripcion\":\"CONSISTENCIA\",\"codigo\":\"CONSISTENCIA\",\"id\":5},\"nombre\":\"DURA\",\"id\":23,\"text\":\"DURA\"},{\"caracteristica\":{\"descripcion\":\"CONSISTENCIA\",\"codigo\":\"CONSISTENCIA\",\"id\":5},\"nombre\":\"DIARREICA\",\"id\":22,\"text\":\"DIARREICA\"},{\"caracteristica\":{\"descripcion\":\"CONSISTENCIA\",\"codigo\":\"CONSISTENCIA\",\"id\":5},\"nombre\":\"BLANDA\",\"id\":21,\"text\":\"BLANDA\"}],\"choices_count\":0,\"model_check\":[],\"nombre\":\"CONSISTENCIA\",\"unidades\":\"\",\"model_text\":\"\"},{\"referencias\":{\"M\":{\"minima\":\"\",\"maxima\":\"\"},\"F\":{\"minima\":\"\",\"maxima\":\"\"}},\"referencia\":\"\",\"help\":\"\",\"tipo\":{\"text\":\"Caracteristicas\",\"name\":\"select\",\"help\":\"Con este campo se muestran solo las opciones a partir de una caracteristica escogida.\"},\"choices_select\":[],\"choices\":[{\"caracteristica\":{\"descripcion\":\"CRUCES\",\"codigo\":\"CRUCES\",\"id\":4},\"nombre\":\"++++\",\"id\":31,\"text\":\"++++\"},{\"caracteristica\":{\"descripcion\":\"CRUCES\",\"codigo\":\"CRUCES\",\"id\":4},\"nombre\":\"+++\",\"id\":30,\"text\":\"+++\"},{\"caracteristica\":{\"descripcion\":\"CRUCES\",\"codigo\":\"CRUCES\",\"id\":4},\"nombre\":\"++\",\"id\":29,\"text\":\"++\"},{\"caracteristica\":{\"descripcion\":\"CRUCES\",\"codigo\":\"CRUCES\",\"id\":4},\"nombre\":\"+\",\"id\":28,\"text\":\"+\"}],\"choices_count\":0,\"model_check\":[],\"nombre\":\"MOCO\",\"unidades\":\"\",\"model_text\":\"\"},{\"referencias\":{\"M\":{\"minima\":\"\",\"maxima\":\"\"},\"F\":{\"minima\":\"\",\"maxima\":\"\"}},\"referencia\":\"\",\"help\":\"\",\"tipo\":{\"text\":\"Caracteristicas\",\"name\":\"select\",\"help\":\"Con este campo se muestran solo las opciones a partir de una caracteristica escogida.\"},\"choices_select\":[],\"choices\":[{\"caracteristica\":{\"descripcion\":\"CRUCES\",\"codigo\":\"CRUCES\",\"id\":4},\"nombre\":\"++++\",\"id\":31,\"text\":\"++++\"},{\"caracteristica\":{\"descripcion\":\"CRUCES\",\"codigo\":\"CRUCES\",\"id\":4},\"nombre\":\"+++\",\"id\":30,\"text\":\"+++\"},{\"caracteristica\":{\"descripcion\":\"CRUCES\",\"codigo\":\"CRUCES\",\"id\":4},\"nombre\":\"++\",\"id\":29,\"text\":\"++\"},{\"caracteristica\":{\"descripcion\":\"CRUCES\",\"codigo\":\"CRUCES\",\"id\":4},\"nombre\":\"+\",\"id\":28,\"text\":\"+\"}],\"choices_count\":0,\"model_check\":[],\"nombre\":\"SANGRE\",\"unidades\":\"\",\"model_text\":\"\"},{\"referencias\":{\"M\":{\"minima\":\"\",\"maxima\":\"\"},\"F\":{\"minima\":\"\",\"maxima\":\"\"}},\"referencia\":\"\",\"help\":\"\",\"tipo\":{\"text\":\"Titulo\",\"name\":\"title\",\"help\":\"Con este campo se crear\u00e1 un titulo, el cual servir\u00e1 de separador.\"},\"choices_select\":[],\"choices\":[{\"edit\":false,\"name\":\"Option 1\",\"id\":0}],\"choices_count\":0,\"model_check\":[],\"nombre\":\"ESTUDIO MICROSCOPICO\",\"unidades\":\"\",\"model_text\":\"\"},{\"referencias\":{\"M\":{\"minima\":\"\",\"maxima\":\"\"},\"F\":{\"minima\":\"\",\"maxima\":\"\"}},\"referencia\":\"\",\"help\":\"\",\"tipo\":{\"text\":\"Texto\",\"name\":\"text\",\"help\":\"Con este campo se puede dar un resultado libre corto y conciso.\"},\"choices_select\":[],\"choices\":[{\"edit\":false,\"name\":\"Option 1\",\"id\":0}],\"choices_count\":0,\"model_check\":[],\"nombre\":\"LEUCOCITOS\",\"unidades\":\"\",\"model_text\":\"\"},{\"referencias\":{\"M\":{\"minima\":\"\",\"maxima\":\"\"},\"F\":{\"minima\":\"\",\"maxima\":\"\"}},\"referencia\":\"\",\"help\":\"\",\"tipo\":{\"text\":\"Texto\",\"name\":\"text\",\"help\":\"Con este campo se puede dar un resultado libre corto y conciso.\"},\"choices_select\":[],\"choices\":[{\"edit\":false,\"name\":\"Option 1\",\"id\":0}],\"choices_count\":0,\"model_check\":[],\"nombre\":\"HEMATIES\",\"unidades\":\"\",\"model_text\":\"\"},{\"referencias\":{\"M\":{\"minima\":\"\",\"maxima\":\"\"},\"F\":{\"minima\":\"\",\"maxima\":\"\"}},\"referencia\":\"\",\"help\":\"\",\"tipo\":{\"text\":\"Caracteristicas\",\"name\":\"select\",\"help\":\"Con este campo se muestran solo las opciones a partir de una caracteristica escogida.\"},\"choices_select\":[],\"choices\":[{\"caracteristica\":{\"descripcion\":\"CRUCES\",\"codigo\":\"CRUCES\",\"id\":4},\"nombre\":\"++++\",\"id\":31,\"text\":\"++++\"},{\"caracteristica\":{\"descripcion\":\"CRUCES\",\"codigo\":\"CRUCES\",\"id\":4},\"nombre\":\"+++\",\"id\":30,\"text\":\"+++\"},{\"caracteristica\":{\"descripcion\":\"CRUCES\",\"codigo\":\"CRUCES\",\"id\":4},\"nombre\":\"++\",\"id\":29,\"text\":\"++\"},{\"caracteristica\":{\"descripcion\":\"CRUCES\",\"codigo\":\"CRUCES\",\"id\":4},\"nombre\":\"+\",\"id\":28,\"text\":\"+\"}],\"choices_count\":0,\"model_check\":[],\"nombre\":\"BLASTOCONIDAS\",\"unidades\":\"\",\"model_text\":\"\"},{\"referencias\":{\"M\":{\"minima\":\"\",\"maxima\":\"\"},\"F\":{\"minima\":\"\",\"maxima\":\"\"}},\"referencia\":\"\",\"help\":\"\",\"tipo\":{\"text\":\"Caracteristicas\",\"name\":\"select\",\"help\":\"Con este campo se muestran solo las opciones a partir de una caracteristica escogida.\"},\"choices_select\":[],\"choices\":[{\"caracteristica\":{\"descripcion\":\"CRUCES\",\"codigo\":\"CRUCES\",\"id\":4},\"nombre\":\"++++\",\"id\":31,\"text\":\"++++\"},{\"caracteristica\":{\"descripcion\":\"CRUCES\",\"codigo\":\"CRUCES\",\"id\":4},\"nombre\":\"+++\",\"id\":30,\"text\":\"+++\"},{\"caracteristica\":{\"descripcion\":\"CRUCES\",\"codigo\":\"CRUCES\",\"id\":4},\"nombre\":\"++\",\"id\":29,\"text\":\"++\"},{\"caracteristica\":{\"descripcion\":\"CRUCES\",\"codigo\":\"CRUCES\",\"id\":4},\"nombre\":\"+\",\"id\":28,\"text\":\"+\"}],\"choices_count\":0,\"model_check\":[],\"nombre\":\"BLASTOCONIDAS EN QUEMACION\",\"unidades\":\"\",\"model_text\":\"\"},{\"referencias\":{\"M\":{\"minima\":\"\",\"maxima\":\"\"},\"F\":{\"minima\":\"\",\"maxima\":\"\"}},\"referencia\":\"\",\"help\":\"\",\"tipo\":{\"text\":\"Caracteristicas\",\"name\":\"select\",\"help\":\"Con este campo se muestran solo las opciones a partir de una caracteristica escogida.\"},\"choices_select\":[],\"choices\":[{\"caracteristica\":{\"descripcion\":\"CRUCES\",\"codigo\":\"CRUCES\",\"id\":4},\"nombre\":\"++++\",\"id\":31,\"text\":\"++++\"},{\"caracteristica\":{\"descripcion\":\"CRUCES\",\"codigo\":\"CRUCES\",\"id\":4},\"nombre\":\"+++\",\"id\":30,\"text\":\"+++\"},{\"caracteristica\":{\"descripcion\":\"CRUCES\",\"codigo\":\"CRUCES\",\"id\":4},\"nombre\":\"++\",\"id\":29,\"text\":\"++\"},{\"caracteristica\":{\"descripcion\":\"CRUCES\",\"codigo\":\"CRUCES\",\"id\":4},\"nombre\":\"+\",\"id\":28,\"text\":\"+\"}],\"choices_count\":0,\"model_check\":[],\"nombre\":\"GRASAS NEUTRAS\",\"unidades\":\"\",\"model_text\":\"\"},{\"referencias\":{\"M\":{\"minima\":\"\",\"maxima\":\"\"},\"F\":{\"minima\":\"\",\"maxima\":\"\"}},\"referencia\":\"\",\"help\":\"\",\"tipo\":{\"text\":\"Caracteristicas\",\"name\":\"select\",\"help\":\"Con este campo se muestran solo las opciones a partir de una caracteristica escogida.\"},\"choices_select\":[],\"choices\":[{\"caracteristica\":{\"descripcion\":\"CRUCES\",\"codigo\":\"CRUCES\",\"id\":4},\"nombre\":\"++++\",\"id\":31,\"text\":\"++++\"},{\"caracteristica\":{\"descripcion\":\"CRUCES\",\"codigo\":\"CRUCES\",\"id\":4},\"nombre\":\"+++\",\"id\":30,\"text\":\"+++\"},{\"caracteristica\":{\"descripcion\":\"CRUCES\",\"codigo\":\"CRUCES\",\"id\":4},\"nombre\":\"++\",\"id\":29,\"text\":\"++\"},{\"caracteristica\":{\"descripcion\":\"CRUCES\",\"codigo\":\"CRUCES\",\"id\":4},\"nombre\":\"+\",\"id\":28,\"text\":\"+\"}],\"choices_count\":0,\"model_check\":[],\"nombre\":\"RESIDUOS VEGETALES\",\"unidades\":\"\",\"model_text\":\"\"},{\"referencias\":{\"M\":{\"minima\":\"\",\"maxima\":\"\"},\"F\":{\"minima\":\"\",\"maxima\":\"\"}},\"referencia\":\"\",\"help\":\"\",\"tipo\":{\"text\":\"Caracteristicas\",\"name\":\"select\",\"help\":\"Con este campo se muestran solo las opciones a partir de una caracteristica escogida.\"},\"choices_select\":[],\"choices\":[{\"caracteristica\":{\"descripcion\":\"CRUCES\",\"codigo\":\"CRUCES\",\"id\":4},\"nombre\":\"++++\",\"id\":31,\"text\":\"++++\"},{\"caracteristica\":{\"descripcion\":\"CRUCES\",\"codigo\":\"CRUCES\",\"id\":4},\"nombre\":\"+++\",\"id\":30,\"text\":\"+++\"},{\"caracteristica\":{\"descripcion\":\"CRUCES\",\"codigo\":\"CRUCES\",\"id\":4},\"nombre\":\"++\",\"id\":29,\"text\":\"++\"},{\"caracteristica\":{\"descripcion\":\"CRUCES\",\"codigo\":\"CRUCES\",\"id\":4},\"nombre\":\"+\",\"id\":28,\"text\":\"+\"}],\"choices_count\":0,\"model_check\":[],\"nombre\":\"ALMIDONES\",\"unidades\":\"\",\"model_text\":\"\"},{\"referencias\":{\"M\":{\"minima\":\"\",\"maxima\":\"\"},\"F\":{\"minima\":\"\",\"maxima\":\"\"}},\"referencia\":\"\",\"help\":\"\",\"tipo\":{\"text\":\"Caracteristicas\",\"name\":\"select\",\"help\":\"Con este campo se muestran solo las opciones a partir de una caracteristica escogida.\"},\"choices_select\":[],\"choices\":[{\"caracteristica\":{\"descripcion\":\"CRUCES\",\"codigo\":\"CRUCES\",\"id\":4},\"nombre\":\"++++\",\"id\":31,\"text\":\"++++\"},{\"caracteristica\":{\"descripcion\":\"CRUCES\",\"codigo\":\"CRUCES\",\"id\":4},\"nombre\":\"+++\",\"id\":30,\"text\":\"+++\"},{\"caracteristica\":{\"descripcion\":\"CRUCES\",\"codigo\":\"CRUCES\",\"id\":4},\"nombre\":\"++\",\"id\":29,\"text\":\"++\"},{\"caracteristica\":{\"descripcion\":\"CRUCES\",\"codigo\":\"CRUCES\",\"id\":4},\"nombre\":\"+\",\"id\":28,\"text\":\"+\"}],\"choices_count\":0,\"model_check\":[],\"nombre\":\"JABONES\",\"unidades\":\"\",\"model_text\":\"\"},{\"referencias\":{\"M\":{\"minima\":\"\",\"maxima\":\"\"},\"F\":{\"minima\":\"\",\"maxima\":\"\"}},\"referencia\":\"\",\"help\":\"\",\"tipo\":{\"text\":\"Caracteristicas\",\"name\":\"select\",\"help\":\"Con este campo se muestran solo las opciones a partir de una caracteristica escogida.\"},\"choices_select\":[],\"choices\":[{\"caracteristica\":{\"descripcion\":\"CRUCES\",\"codigo\":\"CRUCES\",\"id\":4},\"nombre\":\"++++\",\"id\":31,\"text\":\"++++\"},{\"caracteristica\":{\"descripcion\":\"CRUCES\",\"codigo\":\"CRUCES\",\"id\":4},\"nombre\":\"+++\",\"id\":30,\"text\":\"+++\"},{\"caracteristica\":{\"descripcion\":\"CRUCES\",\"codigo\":\"CRUCES\",\"id\":4},\"nombre\":\"++\",\"id\":29,\"text\":\"++\"},{\"caracteristica\":{\"descripcion\":\"CRUCES\",\"codigo\":\"CRUCES\",\"id\":4},\"nombre\":\"+\",\"id\":28,\"text\":\"+\"}],\"choices_count\":0,\"model_check\":[],\"nombre\":\"MICELIOS\",\"unidades\":\"\",\"model_text\":\"\"},{\"referencias\":{\"M\":{\"minima\":\"\",\"maxima\":\"\"},\"F\":{\"minima\":\"\",\"maxima\":\"\"}},\"referencia\":\"\",\"help\":\"\",\"tipo\":{\"text\":\"Caracteristicas\",\"name\":\"select\",\"help\":\"Con este campo se muestran solo las opciones a partir de una caracteristica escogida.\"},\"choices_select\":[],\"choices\":[{\"caracteristica\":{\"descripcion\":\"CRUCES\",\"codigo\":\"CRUCES\",\"id\":4},\"nombre\":\"++++\",\"id\":31,\"text\":\"++++\"},{\"caracteristica\":{\"descripcion\":\"CRUCES\",\"codigo\":\"CRUCES\",\"id\":4},\"nombre\":\"+++\",\"id\":30,\"text\":\"+++\"},{\"caracteristica\":{\"descripcion\":\"CRUCES\",\"codigo\":\"CRUCES\",\"id\":4},\"nombre\":\"++\",\"id\":29,\"text\":\"++\"},{\"caracteristica\":{\"descripcion\":\"CRUCES\",\"codigo\":\"CRUCES\",\"id\":4},\"nombre\":\"+\",\"id\":28,\"text\":\"+\"}],\"choices_count\":0,\"model_check\":[],\"nombre\":\"LEVADURAS EN QUEMACION\",\"unidades\":\"\",\"model_text\":\"\"},{\"nombre\":\"LEVADURA\",\"help\":\"\",\"choices\":[{\"id\":31,\"nombre\":\"++++\",\"caracteristica\":{\"id\":4,\"codigo\":\"CRUCES\",\"descripcion\":\"CRUCES\"},\"text\":\"++++\"},{\"id\":30,\"nombre\":\"+++\",\"caracteristica\":{\"id\":4,\"codigo\":\"CRUCES\",\"descripcion\":\"CRUCES\"},\"text\":\"+++\"},{\"id\":29,\"nombre\":\"++\",\"caracteristica\":{\"id\":4,\"codigo\":\"CRUCES\",\"descripcion\":\"CRUCES\"},\"text\":\"++\"},{\"id\":28,\"nombre\":\"+\",\"caracteristica\":{\"id\":4,\"codigo\":\"CRUCES\",\"descripcion\":\"CRUCES\"},\"text\":\"+\"}],\"choices_select\":[],\"choices_count\":0,\"model_text\":\"\",\"model_check\":[],\"unidades\":\"\",\"tipo\":{\"text\":\"Caracteristicas\",\"name\":\"select\",\"help\":\"Con este campo se muestran solo las opciones a partir de una caracteristica escogida.\"},\"referencia\":\"\",\"referencias\":{\"F\":{\"maxima\":\"\",\"minima\":\"\"},\"M\":{\"maxima\":\"\",\"minima\":\"\"}}},{\"nombre\":\"FIBRAS MUSCULARES\",\"help\":\"\",\"choices\":[{\"id\":31,\"nombre\":\"++++\",\"caracteristica\":{\"id\":4,\"codigo\":\"CRUCES\",\"descripcion\":\"CRUCES\"},\"text\":\"++++\"},{\"id\":30,\"nombre\":\"+++\",\"caracteristica\":{\"id\":4,\"codigo\":\"CRUCES\",\"descripcion\":\"CRUCES\"},\"text\":\"+++\"},{\"id\":29,\"nombre\":\"++\",\"caracteristica\":{\"id\":4,\"codigo\":\"CRUCES\",\"descripcion\":\"CRUCES\"},\"text\":\"++\"},{\"id\":28,\"nombre\":\"+\",\"caracteristica\":{\"id\":4,\"codigo\":\"CRUCES\",\"descripcion\":\"CRUCES\"},\"text\":\"+\"}],\"choices_select\":[],\"choices_count\":0,\"model_text\":\"\",\"model_check\":[],\"unidades\":\"\",\"tipo\":{\"text\":\"Caracteristicas\",\"name\":\"select\",\"help\":\"Con este campo se muestran solo las opciones a partir de una caracteristica escogida.\"},\"referencia\":\"\",\"referencias\":{\"F\":{\"maxima\":\"\",\"minima\":\"\"},\"M\":{\"maxima\":\"\",\"minima\":\"\"}}},{\"nombre\":\"ACIDOS GRASOS\",\"help\":\"\",\"choices\":[{\"id\":31,\"nombre\":\"++++\",\"caracteristica\":{\"id\":4,\"codigo\":\"CRUCES\",\"descripcion\":\"CRUCES\"},\"text\":\"++++\"},{\"id\":30,\"nombre\":\"+++\",\"caracteristica\":{\"id\":4,\"codigo\":\"CRUCES\",\"descripcion\":\"CRUCES\"},\"text\":\"+++\"},{\"id\":29,\"nombre\":\"++\",\"caracteristica\":{\"id\":4,\"codigo\":\"CRUCES\",\"descripcion\":\"CRUCES\"},\"text\":\"++\"},{\"id\":28,\"nombre\":\"+\",\"caracteristica\":{\"id\":4,\"codigo\":\"CRUCES\",\"descripcion\":\"CRUCES\"},\"text\":\"+\"}],\"choices_select\":[],\"choices_count\":0,\"model_text\":\"\",\"model_check\":[],\"unidades\":\"\",\"tipo\":{\"text\":\"Caracteristicas\",\"name\":\"select\",\"help\":\"Con este campo se muestran solo las opciones a partir de una caracteristica escogida.\"},\"referencia\":\"\",\"referencias\":{\"F\":{\"maxima\":\"\",\"minima\":\"\"},\"M\":{\"maxima\":\"\",\"minima\":\"\"}}},{\"nombre\":\"FLORA BACTERIANA\",\"help\":\"\",\"choices\":[{\"edit\":false,\"name\":\"Option 1\",\"id\":0}],\"choices_select\":[],\"choices_count\":0,\"model_text\":\"\",\"model_check\":[],\"unidades\":\"\",\"tipo\":{\"text\":\"Texto\",\"name\":\"text\",\"help\":\"Con este campo se puede dar un resultado libre corto y conciso.\"},\"referencia\":\"\",\"referencias\":{\"F\":{\"maxima\":\"\",\"minima\":\"\"},\"M\":{\"maxima\":\"\",\"minima\":\"\"}}},{\"nombre\":\"EXAMEN PARASITOLOGICO\",\"help\":\"\",\"choices\":[{\"edit\":false,\"name\":\"Option 1\",\"id\":0}],\"choices_select\":[],\"choices_count\":0,\"model_text\":\"\",\"model_check\":[],\"unidades\":\"\",\"tipo\":{\"text\":\"Titulo\",\"name\":\"title\",\"help\":\"Con este campo se crear\u00e1 un titulo, el cual servir\u00e1 de separador.\"},\"referencia\":\"\",\"referencias\":{\"F\":{\"maxima\":\"\",\"minima\":\"\"},\"M\":{\"maxima\":\"\",\"minima\":\"\"}}},{\"nombre\":\"ASCARIS LUMBRICOIDES (HUEVOS)\",\"help\":\"\",\"choices\":[{\"id\":31,\"nombre\":\"++++\",\"caracteristica\":{\"id\":4,\"codigo\":\"CRUCES\",\"descripcion\":\"CRUCES\"},\"text\":\"++++\"},{\"id\":30,\"nombre\":\"+++\",\"caracteristica\":{\"id\":4,\"codigo\":\"CRUCES\",\"descripcion\":\"CRUCES\"},\"text\":\"+++\"},{\"id\":29,\"nombre\":\"++\",\"caracteristica\":{\"id\":4,\"codigo\":\"CRUCES\",\"descripcion\":\"CRUCES\"},\"text\":\"++\"},{\"id\":28,\"nombre\":\"+\",\"caracteristica\":{\"id\":4,\"codigo\":\"CRUCES\",\"descripcion\":\"CRUCES\"},\"text\":\"+\"}],\"choices_select\":[],\"choices_count\":0,\"model_text\":\"\",\"model_check\":[],\"unidades\":\"\",\"tipo\":{\"text\":\"Caracteristicas\",\"name\":\"select\",\"help\":\"Con este campo se muestran solo las opciones a partir de una caracteristica escogida.\"},\"referencia\":\"\",\"referencias\":{\"F\":{\"maxima\":\"\",\"minima\":\"\"},\"M\":{\"maxima\":\"\",\"minima\":\"\"}}},{\"nombre\":\"TRICOCEFALOS (HUEVOS)\",\"help\":\"\",\"choices\":[{\"id\":31,\"nombre\":\"++++\",\"caracteristica\":{\"id\":4,\"codigo\":\"CRUCES\",\"descripcion\":\"CRUCES\"},\"text\":\"++++\"},{\"id\":30,\"nombre\":\"+++\",\"caracteristica\":{\"id\":4,\"codigo\":\"CRUCES\",\"descripcion\":\"CRUCES\"},\"text\":\"+++\"},{\"id\":29,\"nombre\":\"++\",\"caracteristica\":{\"id\":4,\"codigo\":\"CRUCES\",\"descripcion\":\"CRUCES\"},\"text\":\"++\"},{\"id\":28,\"nombre\":\"+\",\"caracteristica\":{\"id\":4,\"codigo\":\"CRUCES\",\"descripcion\":\"CRUCES\"},\"text\":\"+\"}],\"choices_select\":[],\"choices_count\":0,\"model_text\":\"\",\"model_check\":[],\"unidades\":\"\",\"tipo\":{\"text\":\"Caracteristicas\",\"name\":\"select\",\"help\":\"Con este campo se muestran solo las opciones a partir de una caracteristica escogida.\"},\"referencia\":\"\",\"referencias\":{\"F\":{\"maxima\":\"\",\"minima\":\"\"},\"M\":{\"maxima\":\"\",\"minima\":\"\"}}},{\"nombre\":\"UNCINARIA\",\"help\":\"\",\"choices\":[{\"id\":31,\"nombre\":\"++++\",\"caracteristica\":{\"id\":4,\"codigo\":\"CRUCES\",\"descripcion\":\"CRUCES\"},\"text\":\"++++\"},{\"id\":30,\"nombre\":\"+++\",\"caracteristica\":{\"id\":4,\"codigo\":\"CRUCES\",\"descripcion\":\"CRUCES\"},\"text\":\"+++\"},{\"id\":29,\"nombre\":\"++\",\"caracteristica\":{\"id\":4,\"codigo\":\"CRUCES\",\"descripcion\":\"CRUCES\"},\"text\":\"++\"},{\"id\":28,\"nombre\":\"+\",\"caracteristica\":{\"id\":4,\"codigo\":\"CRUCES\",\"descripcion\":\"CRUCES\"},\"text\":\"+\"}],\"choices_select\":[],\"choices_count\":0,\"model_text\":\"\",\"model_check\":[],\"unidades\":\"\",\"tipo\":{\"text\":\"Caracteristicas\",\"name\":\"select\",\"help\":\"Con este campo se muestran solo las opciones a partir de una caracteristica escogida.\"},\"referencia\":\"\",\"referencias\":{\"F\":{\"maxima\":\"\",\"minima\":\"\"},\"M\":{\"maxima\":\"\",\"minima\":\"\"}}},{\"nombre\":\"STRONGYLOIDES STERCOLARIS (LARVAS Y O HUEVOS)\",\"help\":\"\",\"choices\":[{\"id\":31,\"nombre\":\"++++\",\"caracteristica\":{\"id\":4,\"codigo\":\"CRUCES\",\"descripcion\":\"CRUCES\"},\"text\":\"++++\"},{\"id\":30,\"nombre\":\"+++\",\"caracteristica\":{\"id\":4,\"codigo\":\"CRUCES\",\"descripcion\":\"CRUCES\"},\"text\":\"+++\"},{\"id\":29,\"nombre\":\"++\",\"caracteristica\":{\"id\":4,\"codigo\":\"CRUCES\",\"descripcion\":\"CRUCES\"},\"text\":\"++\"},{\"id\":28,\"nombre\":\"+\",\"caracteristica\":{\"id\":4,\"codigo\":\"CRUCES\",\"descripcion\":\"CRUCES\"},\"text\":\"+\"}],\"choices_select\":[],\"choices_count\":0,\"model_text\":\"\",\"model_check\":[],\"unidades\":\"\",\"tipo\":{\"text\":\"Caracteristicas\",\"name\":\"select\",\"help\":\"Con este campo se muestran solo las opciones a partir de una caracteristica escogida.\"},\"referencia\":\"\",\"referencias\":{\"F\":{\"maxima\":\"\",\"minima\":\"\"},\"M\":{\"maxima\":\"\",\"minima\":\"\"}}},{\"nombre\":\"ENTAMOEBA HISTOLYTICA (TROFOZOITOS)\",\"help\":\"\",\"choices\":[{\"id\":31,\"nombre\":\"++++\",\"caracteristica\":{\"id\":4,\"codigo\":\"CRUCES\",\"descripcion\":\"CRUCES\"},\"text\":\"++++\"},{\"id\":30,\"nombre\":\"+++\",\"caracteristica\":{\"id\":4,\"codigo\":\"CRUCES\",\"descripcion\":\"CRUCES\"},\"text\":\"+++\"},{\"id\":29,\"nombre\":\"++\",\"caracteristica\":{\"id\":4,\"codigo\":\"CRUCES\",\"descripcion\":\"CRUCES\"},\"text\":\"++\"},{\"id\":28,\"nombre\":\"+\",\"caracteristica\":{\"id\":4,\"codigo\":\"CRUCES\",\"descripcion\":\"CRUCES\"},\"text\":\"+\"}],\"choices_select\":[],\"choices_count\":0,\"model_text\":\"\",\"model_check\":[],\"unidades\":\"\",\"tipo\":{\"text\":\"Caracteristicas\",\"name\":\"select\",\"help\":\"Con este campo se muestran solo las opciones a partir de una caracteristica escogida.\"},\"referencia\":\"\",\"referencias\":{\"F\":{\"maxima\":\"\",\"minima\":\"\"},\"M\":{\"maxima\":\"\",\"minima\":\"\"}}},{\"nombre\":\"ENTAMOEBA HISTOLYTICA (QUISTE)\",\"help\":\"\",\"choices\":[{\"id\":31,\"nombre\":\"++++\",\"caracteristica\":{\"id\":4,\"codigo\":\"CRUCES\",\"descripcion\":\"CRUCES\"},\"text\":\"++++\"},{\"id\":30,\"nombre\":\"+++\",\"caracteristica\":{\"id\":4,\"codigo\":\"CRUCES\",\"descripcion\":\"CRUCES\"},\"text\":\"+++\"},{\"id\":29,\"nombre\":\"++\",\"caracteristica\":{\"id\":4,\"codigo\":\"CRUCES\",\"descripcion\":\"CRUCES\"},\"text\":\"++\"},{\"id\":28,\"nombre\":\"+\",\"caracteristica\":{\"id\":4,\"codigo\":\"CRUCES\",\"descripcion\":\"CRUCES\"},\"text\":\"+\"}],\"choices_select\":[],\"choices_count\":0,\"model_text\":\"\",\"model_check\":[],\"unidades\":\"\",\"tipo\":{\"text\":\"Caracteristicas\",\"name\":\"select\",\"help\":\"Con este campo se muestran solo las opciones a partir de una caracteristica escogida.\"},\"referencia\":\"\",\"referencias\":{\"F\":{\"maxima\":\"\",\"minima\":\"\"},\"M\":{\"maxima\":\"\",\"minima\":\"\"}}},{\"nombre\":\"ENTAMOEBA COLI (QUISTE)\",\"help\":\"\",\"choices\":[{\"id\":31,\"nombre\":\"++++\",\"caracteristica\":{\"id\":4,\"codigo\":\"CRUCES\",\"descripcion\":\"CRUCES\"},\"text\":\"++++\"},{\"id\":30,\"nombre\":\"+++\",\"caracteristica\":{\"id\":4,\"codigo\":\"CRUCES\",\"descripcion\":\"CRUCES\"},\"text\":\"+++\"},{\"id\":29,\"nombre\":\"++\",\"caracteristica\":{\"id\":4,\"codigo\":\"CRUCES\",\"descripcion\":\"CRUCES\"},\"text\":\"++\"},{\"id\":28,\"nombre\":\"+\",\"caracteristica\":{\"id\":4,\"codigo\":\"CRUCES\",\"descripcion\":\"CRUCES\"},\"text\":\"+\"}],\"choices_select\":[],\"choices_count\":0,\"model_text\":\"\",\"model_check\":[],\"unidades\":\"\",\"tipo\":{\"text\":\"Caracteristicas\",\"name\":\"select\",\"help\":\"Con este campo se muestran solo las opciones a partir de una caracteristica escogida.\"},\"referencia\":\"\",\"referencias\":{\"F\":{\"maxima\":\"\",\"minima\":\"\"},\"M\":{\"maxima\":\"\",\"minima\":\"\"}}},{\"nombre\":\"GIARDIA LAMBLIA (QUISTE)\",\"help\":\"\",\"choices\":[{\"id\":31,\"nombre\":\"++++\",\"caracteristica\":{\"id\":4,\"codigo\":\"CRUCES\",\"descripcion\":\"CRUCES\"},\"text\":\"++++\"},{\"id\":30,\"nombre\":\"+++\",\"caracteristica\":{\"id\":4,\"codigo\":\"CRUCES\",\"descripcion\":\"CRUCES\"},\"text\":\"+++\"},{\"id\":29,\"nombre\":\"++\",\"caracteristica\":{\"id\":4,\"codigo\":\"CRUCES\",\"descripcion\":\"CRUCES\"},\"text\":\"++\"},{\"id\":28,\"nombre\":\"+\",\"caracteristica\":{\"id\":4,\"codigo\":\"CRUCES\",\"descripcion\":\"CRUCES\"},\"text\":\"+\"}],\"choices_select\":[],\"choices_count\":0,\"model_text\":\"\",\"model_check\":[],\"unidades\":\"\",\"tipo\":{\"text\":\"Caracteristicas\",\"name\":\"select\",\"help\":\"Con este campo se muestran solo las opciones a partir de una caracteristica escogida.\"},\"referencia\":\"\",\"referencias\":{\"F\":{\"maxima\":\"\",\"minima\":\"\"},\"M\":{\"maxima\":\"\",\"minima\":\"\"}}},{\"nombre\":\"GIARDIA LAMBLIA (TROFOZOITOS)\",\"help\":\"\",\"choices\":[{\"id\":31,\"nombre\":\"++++\",\"caracteristica\":{\"id\":4,\"codigo\":\"CRUCES\",\"descripcion\":\"CRUCES\"},\"text\":\"++++\"},{\"id\":30,\"nombre\":\"+++\",\"caracteristica\":{\"id\":4,\"codigo\":\"CRUCES\",\"descripcion\":\"CRUCES\"},\"text\":\"+++\"},{\"id\":29,\"nombre\":\"++\",\"caracteristica\":{\"id\":4,\"codigo\":\"CRUCES\",\"descripcion\":\"CRUCES\"},\"text\":\"++\"},{\"id\":28,\"nombre\":\"+\",\"caracteristica\":{\"id\":4,\"codigo\":\"CRUCES\",\"descripcion\":\"CRUCES\"},\"text\":\"+\"}],\"choices_select\":[],\"choices_count\":0,\"model_text\":\"\",\"model_check\":[],\"unidades\":\"\",\"tipo\":{\"text\":\"Caracteristicas\",\"name\":\"select\",\"help\":\"Con este campo se muestran solo las opciones a partir de una caracteristica escogida.\"},\"referencia\":\"\",\"referencias\":{\"F\":{\"maxima\":\"\",\"minima\":\"\"},\"M\":{\"maxima\":\"\",\"minima\":\"\"}}},{\"nombre\":\"ENDOLIMAX NANA (QUISTE)\",\"help\":\"\",\"choices\":[{\"id\":31,\"nombre\":\"++++\",\"caracteristica\":{\"id\":4,\"codigo\":\"CRUCES\",\"descripcion\":\"CRUCES\"},\"text\":\"++++\"},{\"id\":30,\"nombre\":\"+++\",\"caracteristica\":{\"id\":4,\"codigo\":\"CRUCES\",\"descripcion\":\"CRUCES\"},\"text\":\"+++\"},{\"id\":29,\"nombre\":\"++\",\"caracteristica\":{\"id\":4,\"codigo\":\"CRUCES\",\"descripcion\":\"CRUCES\"},\"text\":\"++\"},{\"id\":28,\"nombre\":\"+\",\"caracteristica\":{\"id\":4,\"codigo\":\"CRUCES\",\"descripcion\":\"CRUCES\"},\"text\":\"+\"}],\"choices_select\":[],\"choices_count\":0,\"model_text\":\"\",\"model_check\":[],\"unidades\":\"\",\"tipo\":{\"text\":\"Caracteristicas\",\"name\":\"select\",\"help\":\"Con este campo se muestran solo las opciones a partir de una caracteristica escogida.\"},\"referencia\":\"\",\"referencias\":{\"F\":{\"maxima\":\"\",\"minima\":\"\"},\"M\":{\"maxima\":\"\",\"minima\":\"\"}}},{\"nombre\":\"ENDOLIMAX NANA (TROFOZOITOS)\",\"help\":\"\",\"choices\":[{\"id\":31,\"nombre\":\"++++\",\"caracteristica\":{\"id\":4,\"codigo\":\"CRUCES\",\"descripcion\":\"CRUCES\"},\"text\":\"++++\"},{\"id\":30,\"nombre\":\"+++\",\"caracteristica\":{\"id\":4,\"codigo\":\"CRUCES\",\"descripcion\":\"CRUCES\"},\"text\":\"+++\"},{\"id\":29,\"nombre\":\"++\",\"caracteristica\":{\"id\":4,\"codigo\":\"CRUCES\",\"descripcion\":\"CRUCES\"},\"text\":\"++\"},{\"id\":28,\"nombre\":\"+\",\"caracteristica\":{\"id\":4,\"codigo\":\"CRUCES\",\"descripcion\":\"CRUCES\"},\"text\":\"+\"}],\"choices_select\":[],\"choices_count\":0,\"model_text\":\"\",\"model_check\":[],\"unidades\":\"\",\"tipo\":{\"text\":\"Caracteristicas\",\"name\":\"select\",\"help\":\"Con este campo se muestran solo las opciones a partir de una caracteristica escogida.\"},\"referencia\":\"\",\"referencias\":{\"F\":{\"maxima\":\"\",\"minima\":\"\"},\"M\":{\"maxima\":\"\",\"minima\":\"\"}}},{\"nombre\":\"IODAMEBA BUTSCHLII (QUISTE)\",\"help\":\"\",\"choices\":[{\"id\":31,\"nombre\":\"++++\",\"caracteristica\":{\"id\":4,\"codigo\":\"CRUCES\",\"descripcion\":\"CRUCES\"},\"text\":\"++++\"},{\"id\":30,\"nombre\":\"+++\",\"caracteristica\":{\"id\":4,\"codigo\":\"CRUCES\",\"descripcion\":\"CRUCES\"},\"text\":\"+++\"},{\"id\":29,\"nombre\":\"++\",\"caracteristica\":{\"id\":4,\"codigo\":\"CRUCES\",\"descripcion\":\"CRUCES\"},\"text\":\"++\"},{\"id\":28,\"nombre\":\"+\",\"caracteristica\":{\"id\":4,\"codigo\":\"CRUCES\",\"descripcion\":\"CRUCES\"},\"text\":\"+\"}],\"choices_select\":[],\"choices_count\":0,\"model_text\":\"\",\"model_check\":[],\"unidades\":\"\",\"tipo\":{\"text\":\"Caracteristicas\",\"name\":\"select\",\"help\":\"Con este campo se muestran solo las opciones a partir de una caracteristica escogida.\"},\"referencia\":\"\",\"referencias\":{\"F\":{\"maxima\":\"\",\"minima\":\"\"},\"M\":{\"maxima\":\"\",\"minima\":\"\"}}},{\"nombre\":\"TRICHOMONAS HIMINIS (TROFOZOITOS)\",\"help\":\"\",\"choices\":[{\"id\":31,\"nombre\":\"++++\",\"caracteristica\":{\"id\":4,\"codigo\":\"CRUCES\",\"descripcion\":\"CRUCES\"},\"text\":\"++++\"},{\"id\":30,\"nombre\":\"+++\",\"caracteristica\":{\"id\":4,\"codigo\":\"CRUCES\",\"descripcion\":\"CRUCES\"},\"text\":\"+++\"},{\"id\":29,\"nombre\":\"++\",\"caracteristica\":{\"id\":4,\"codigo\":\"CRUCES\",\"descripcion\":\"CRUCES\"},\"text\":\"++\"},{\"id\":28,\"nombre\":\"+\",\"caracteristica\":{\"id\":4,\"codigo\":\"CRUCES\",\"descripcion\":\"CRUCES\"},\"text\":\"+\"}],\"choices_select\":[],\"choices_count\":0,\"model_text\":\"\",\"model_check\":[],\"unidades\":\"\",\"tipo\":{\"text\":\"Caracteristicas\",\"name\":\"select\",\"help\":\"Con este campo se muestran solo las opciones a partir de una caracteristica escogida.\"},\"referencia\":\"\",\"referencias\":{\"F\":{\"maxima\":\"\",\"minima\":\"\"},\"M\":{\"maxima\":\"\",\"minima\":\"\"}}},{\"nombre\":\"BALLANTIDIUM COLI (TROFOZOITOS)\",\"help\":\"\",\"choices\":[{\"id\":31,\"nombre\":\"++++\",\"caracteristica\":{\"id\":4,\"codigo\":\"CRUCES\",\"descripcion\":\"CRUCES\"},\"text\":\"++++\"},{\"id\":30,\"nombre\":\"+++\",\"caracteristica\":{\"id\":4,\"codigo\":\"CRUCES\",\"descripcion\":\"CRUCES\"},\"text\":\"+++\"},{\"id\":29,\"nombre\":\"++\",\"caracteristica\":{\"id\":4,\"codigo\":\"CRUCES\",\"descripcion\":\"CRUCES\"},\"text\":\"++\"},{\"id\":28,\"nombre\":\"+\",\"caracteristica\":{\"id\":4,\"codigo\":\"CRUCES\",\"descripcion\":\"CRUCES\"},\"text\":\"+\"}],\"choices_select\":[],\"choices_count\":0,\"model_text\":\"\",\"model_check\":[],\"unidades\":\"\",\"tipo\":{\"text\":\"Caracteristicas\",\"name\":\"select\",\"help\":\"Con este campo se muestran solo las opciones a partir de una caracteristica escogida.\"},\"referencia\":\"\",\"referencias\":{\"F\":{\"maxima\":\"\",\"minima\":\"\"},\"M\":{\"maxima\":\"\",\"minima\":\"\"}}},{\"nombre\":\"BALLANTIDIUM COLI (QUISTE)\",\"help\":\"\",\"choices\":[{\"id\":31,\"nombre\":\"++++\",\"caracteristica\":{\"id\":4,\"codigo\":\"CRUCES\",\"descripcion\":\"CRUCES\"},\"text\":\"++++\"},{\"id\":30,\"nombre\":\"+++\",\"caracteristica\":{\"id\":4,\"codigo\":\"CRUCES\",\"descripcion\":\"CRUCES\"},\"text\":\"+++\"},{\"id\":29,\"nombre\":\"++\",\"caracteristica\":{\"id\":4,\"codigo\":\"CRUCES\",\"descripcion\":\"CRUCES\"},\"text\":\"++\"},{\"id\":28,\"nombre\":\"+\",\"caracteristica\":{\"id\":4,\"codigo\":\"CRUCES\",\"descripcion\":\"CRUCES\"},\"text\":\"+\"}],\"choices_select\":[],\"choices_count\":0,\"model_text\":\"\",\"model_check\":[],\"unidades\":\"\",\"tipo\":{\"text\":\"Caracteristicas\",\"name\":\"select\",\"help\":\"Con este campo se muestran solo las opciones a partir de una caracteristica escogida.\"},\"referencia\":\"\",\"referencias\":{\"F\":{\"maxima\":\"\",\"minima\":\"\"},\"M\":{\"maxima\":\"\",\"minima\":\"\"}}},{\"nombre\":\"BLASTOCYSTES HOMINIS\",\"help\":\"\",\"choices\":[{\"id\":31,\"nombre\":\"++++\",\"caracteristica\":{\"id\":4,\"codigo\":\"CRUCES\",\"descripcion\":\"CRUCES\"},\"text\":\"++++\"},{\"id\":30,\"nombre\":\"+++\",\"caracteristica\":{\"id\":4,\"codigo\":\"CRUCES\",\"descripcion\":\"CRUCES\"},\"text\":\"+++\"},{\"id\":29,\"nombre\":\"++\",\"caracteristica\":{\"id\":4,\"codigo\":\"CRUCES\",\"descripcion\":\"CRUCES\"},\"text\":\"++\"},{\"id\":28,\"nombre\":\"+\",\"caracteristica\":{\"id\":4,\"codigo\":\"CRUCES\",\"descripcion\":\"CRUCES\"},\"text\":\"+\"}],\"choices_select\":[],\"choices_count\":0,\"model_text\":\"\",\"model_check\":[],\"unidades\":\"\",\"tipo\":{\"text\":\"Caracteristicas\",\"name\":\"select\",\"help\":\"Con este campo se muestran solo las opciones a partir de una caracteristica escogida.\"},\"referencia\":\"\",\"referencias\":{\"F\":{\"maxima\":\"\",\"minima\":\"\"},\"M\":{\"maxima\":\"\",\"minima\":\"\"}}},{\"nombre\":\"ISOSPORA HOMINIS\",\"help\":\"\",\"choices\":[{\"id\":31,\"nombre\":\"++++\",\"caracteristica\":{\"id\":4,\"codigo\":\"CRUCES\",\"descripcion\":\"CRUCES\"},\"text\":\"++++\"},{\"id\":30,\"nombre\":\"+++\",\"caracteristica\":{\"id\":4,\"codigo\":\"CRUCES\",\"descripcion\":\"CRUCES\"},\"text\":\"+++\"},{\"id\":29,\"nombre\":\"++\",\"caracteristica\":{\"id\":4,\"codigo\":\"CRUCES\",\"descripcion\":\"CRUCES\"},\"text\":\"++\"},{\"id\":28,\"nombre\":\"+\",\"caracteristica\":{\"id\":4,\"codigo\":\"CRUCES\",\"descripcion\":\"CRUCES\"},\"text\":\"+\"}],\"choices_select\":[],\"choices_count\":0,\"model_text\":\"\",\"model_check\":[],\"unidades\":\"\",\"tipo\":{\"text\":\"Caracteristicas\",\"name\":\"select\",\"help\":\"Con este campo se muestran solo las opciones a partir de una caracteristica escogida.\"},\"referencia\":\"\",\"referencias\":{\"F\":{\"maxima\":\"\",\"minima\":\"\"},\"M\":{\"maxima\":\"\",\"minima\":\"\"}}},{\"nombre\":\"RESULTADO\",\"help\":\"\",\"choices\":[{\"id\":2,\"nombre\":\"NEGATIVO\",\"caracteristica\":{\"id\":1,\"codigo\":\"POSITIVO/NEGATIVO\",\"descripcion\":\"POSITIVO/NEGATIVO\"},\"text\":\"NEGATIVO\"},{\"id\":1,\"nombre\":\"POSITIVO\",\"caracteristica\":{\"id\":1,\"codigo\":\"POSITIVO/NEGATIVO\",\"descripcion\":\"POSITIVO/NEGATIVO\"},\"text\":\"POSITIVO\"}],\"choices_select\":[],\"choices_count\":0,\"model_text\":\"\",\"model_check\":[],\"unidades\":\"\",\"tipo\":{\"text\":\"Caracteristicas\",\"name\":\"select\",\"help\":\"Con este campo se muestran solo las opciones a partir de una caracteristica escogida.\"},\"referencia\":\"\",\"referencias\":{\"F\":{\"maxima\":\"\",\"minima\":\"\"},\"M\":{\"maxima\":\"\",\"minima\":\"\"}}}]", "laboratorio": 11}, "model": "laboratorios.formato", "pk": 5}, {"fields": {"formato": "[{\"referencias\":{\"M\":{\"minima\":\"0.7\",\"maxima\":\"1.2\"},\"F\":{\"minima\":\"0.5\",\"maxima\":\"1\"}},\"referencia\":\"\",\"help\":\"\",\"tipo\":{\"text\":\"N\u00fameros\",\"name\":\"number\",\"help\":\"Con este campo se puede dar un resultado num\u00e9rico.\"},\"choices_select\":[],\"choices\":[{\"edit\":false,\"name\":\"Option 1\",\"id\":0}],\"choices_count\":0,\"model_check\":[],\"nombre\":\"NIVEL SERICO DE CREATININA\",\"unidades\":\"mg/dl\",\"model_text\":\"\"}]", "laboratorio": 12}, "model": "laboratorios.formato", "pk": 6}, {"fields": {"formato": "[{\"referencias\":{\"M\":{\"minima\":\"0\",\"maxima\":\"115\"},\"F\":{\"minima\":\"0\",\"maxima\":\"105\"}},\"referencia\":\"\",\"help\":\"\",\"tipo\":{\"text\":\"N\u00fameros\",\"name\":\"number\",\"help\":\"Con este campo se puede dar un resultado num\u00e9rico.\"},\"choices_count\":0,\"choices\":[{\"edit\":false,\"name\":\"Option 1\",\"id\":0}],\"choices_select\":[],\"nombre\":\"NIVEL DE FOSFATASA ALCALINA\",\"model_check\":[],\"unidades\":\"U/L\",\"model_text\":\"\"}]", "laboratorio": 13}, "model": "laboratorios.formato", "pk": 7}, {"fields": {"formato": "[{\"referencias\":{\"M\":{\"minima\":\"\",\"maxima\":\"\"},\"F\":{\"minima\":\"\",\"maxima\":\"\"}},\"referencia\":\"\",\"help\":\"\",\"tipo\":{\"text\":\"Caracteristicas\",\"name\":\"select\",\"help\":\"Con este campo se muestran solo las opciones a partir de una caracteristica escogida.\"},\"choices_select\":[],\"choices\":[{\"id\":59,\"nombre\":\"O Rh POSITIVO\",\"caracteristica\":{\"id\":9,\"codigo\":\"GRUPO Y RH\",\"descripcion\":\"GRUPO Y RH\"},\"text\":\"O Rh POSITIVO\"},{\"id\":58,\"nombre\":\"O Rh NEGATIVO\",\"caracteristica\":{\"id\":9,\"codigo\":\"GRUPO Y RH\",\"descripcion\":\"GRUPO Y RH\"},\"text\":\"O Rh NEGATIVO\"},{\"id\":57,\"nombre\":\"B Rh POSITIVO\",\"caracteristica\":{\"id\":9,\"codigo\":\"GRUPO Y RH\",\"descripcion\":\"GRUPO Y RH\"},\"text\":\"B Rh POSITIVO\"},{\"id\":56,\"nombre\":\"B Rh NEGATIVO\",\"caracteristica\":{\"id\":9,\"codigo\":\"GRUPO Y RH\",\"descripcion\":\"GRUPO Y RH\"},\"text\":\"B Rh NEGATIVO\"},{\"id\":55,\"nombre\":\"AB Rh POSITIVO\",\"caracteristica\":{\"id\":9,\"codigo\":\"GRUPO Y RH\",\"descripcion\":\"GRUPO Y RH\"},\"text\":\"AB Rh POSITIVO\"},{\"id\":54,\"nombre\":\"AB Rh NEGATIVO\",\"caracteristica\":{\"id\":9,\"codigo\":\"GRUPO Y RH\",\"descripcion\":\"GRUPO Y RH\"},\"text\":\"AB Rh NEGATIVO\"},{\"id\":53,\"nombre\":\"A Rh POSITIVO\",\"caracteristica\":{\"id\":9,\"codigo\":\"GRUPO Y RH\",\"descripcion\":\"GRUPO Y RH\"},\"text\":\"A Rh POSITIVO\"},{\"id\":52,\"nombre\":\"A Rh NEGATIVO\",\"caracteristica\":{\"id\":9,\"codigo\":\"GRUPO Y RH\",\"descripcion\":\"GRUPO Y RH\"},\"text\":\"A Rh NEGATIVO\"}],\"choices_count\":0,\"model_check\":[],\"nombre\":\"GRUPO SANGUINEO Y FACTOR RH\",\"unidades\":\"\",\"model_text\":\"\"}]", "laboratorio": 16}, "model": "laboratorios.formato", "pk": 8}, {"fields": {"formato": "[{\"referencias\":{\"M\":{\"minima\":\"50\",\"maxima\":\"150\"},\"F\":{\"minima\":\"50\",\"maxima\":\"150\"}},\"referencia\":\"<b>NORMAL:</b>&nbsp;Menor de 150<div><b>MEDIO/ALTO:</b> 150-199</div><div><b>ALTO:</b>&nbsp;200-499</div><div><b>MUY ALTO:</b>&nbsp;Mayor de 500</div>\",\"help\":\"\",\"tipo\":{\"text\":\"Texto\",\"name\":\"text\",\"help\":\"Con este campo se puede dar un resultado libre corto y conciso.\"},\"choices_count\":0,\"choices\":[{\"edit\":false,\"name\":\"Option 1\",\"id\":0}],\"choices_select\":[],\"nombre\":\"TRIGLICERIDOS SERICO\",\"model_check\":[],\"unidades\":\"mg/dl\",\"model_text\":\"\"}]", "laboratorio": 21}, "model": "laboratorios.formato", "pk": 9}, {"fields": {"formato": "[{\"nombre\":\"ALCOHOL EN SALIVA\",\"help\":\"\",\"choices\":[{\"id\":2,\"nombre\":\"NEGATIVO\",\"caracteristica\":{\"id\":1,\"codigo\":\"POSITIVO/NEGATIVO\",\"descripcion\":\"POSITIVO/NEGATIVO\"},\"text\":\"NEGATIVO\"},{\"id\":1,\"nombre\":\"POSITIVO\",\"caracteristica\":{\"id\":1,\"codigo\":\"POSITIVO/NEGATIVO\",\"descripcion\":\"POSITIVO/NEGATIVO\"},\"text\":\"POSITIVO\"}],\"choices_select\":[],\"choices_count\":0,\"model_text\":\"\",\"model_check\":[],\"unidades\":\"\",\"tipo\":{\"text\":\"Caracteristicas\",\"name\":\"select\",\"help\":\"Con este campo se muestran solo las opciones a partir de una caracteristica escogida.\"},\"referencia\":\"\",\"referencias\":{\"F\":{\"maxima\":\"\",\"minima\":\"\"},\"M\":{\"maxima\":\"\",\"minima\":\"\"}}}]", "laboratorio": 5}, "model": "laboratorios.formato", "pk": 10}, {"fields": {"formato": "[{\"nombre\":\"COCAINA EN ORINA\",\"help\":\"\",\"choices\":[{\"edit\":false,\"name\":\"Option 1\",\"id\":0}],\"choices_select\":[],\"choices_count\":0,\"model_text\":\"\",\"model_check\":[],\"unidades\":\"\",\"tipo\":{\"text\":\"Texto\",\"name\":\"text\",\"help\":\"Con este campo se puede dar un resultado libre corto y conciso.\"},\"referencia\":\"\",\"referencias\":{\"F\":{\"maxima\":\"\",\"minima\":\"\"},\"M\":{\"maxima\":\"\",\"minima\":\"\"}}}]", "laboratorio": 7}, "model": "laboratorios.formato", "pk": 11}, {"fields": {"formato": "[{\"referencias\":{\"M\":{\"minima\":\"\",\"maxima\":\"\"},\"F\":{\"minima\":\"\",\"maxima\":\"\"}},\"referencia\":\"<b>Hombres</b><div><b>BAJO RIESGO:</b> Mayor de 55</div><div><b>MODERADO:</b> 35-55</div><div><b>ALTO RIESGO:</b>&nbsp;Menor de 40</div><div><b>Mujeres</b></div><div><b>BAJO RIESGO:</b>&nbsp;Mayor de 65</div><div><b>MODERADO:</b> 45-65</div><div><b>ALTO RIESGO:</b>&nbsp;Menor de 45</div>\",\"help\":\"\",\"tipo\":{\"text\":\"Texto\",\"name\":\"text\",\"help\":\"Con este campo se puede dar un resultado libre corto y conciso.\"},\"choices_count\":0,\"choices\":[{\"edit\":false,\"name\":\"Option 1\",\"id\":0}],\"choices_select\":[],\"nombre\":\"COLESTEROL H.D.L\",\"model_check\":[],\"unidades\":\"mg/dl\",\"model_text\":\"\"}]", "laboratorio": 8}, "model": "laboratorios.formato", "pk": 12}, {"fields": {"formato": "[{\"referencias\":{\"M\":{\"minima\":\"\",\"maxima\":\"\"},\"F\":{\"minima\":\"\",\"maxima\":\"\"}},\"referencia\":\"MENOR DE 150\",\"help\":\"\",\"tipo\":{\"text\":\"Texto\",\"name\":\"text\",\"help\":\"Con este campo se puede dar un resultado libre corto y conciso.\"},\"choices_select\":[],\"choices\":[{\"edit\":false,\"name\":\"Option 1\",\"id\":0}],\"choices_count\":0,\"model_check\":[],\"nombre\":\"COLESTEROL L.D.L\",\"unidades\":\"mg/dl\",\"model_text\":\"\"},{\"nombre\":\"COLESTEROL V.L.D.L\",\"help\":\"\",\"choices\":[{\"edit\":false,\"name\":\"Option 1\",\"id\":0}],\"choices_select\":[],\"choices_count\":0,\"model_text\":\"\",\"model_check\":[],\"unidades\":\"mg/dl\",\"tipo\":{\"text\":\"N\u00fameros\",\"name\":\"number\",\"help\":\"Con este campo se puede dar un resultado num\u00e9rico.\"},\"referencia\":\"\",\"referencias\":{\"F\":{\"maxima\":\"40\",\"minima\":\"0\"},\"M\":{\"maxima\":\"40\",\"minima\":\"0\"}}}]", "laboratorio": 9}, "model": "laboratorios.formato", "pk": 13}, {"fields": {"formato": "[{\"referencias\":{\"M\":{\"minima\":\"\",\"maxima\":\"\"},\"F\":{\"minima\":\"\",\"maxima\":\"\"}},\"referencia\":\"Optimo < 200mg/dl,\\nModerado 200-239mg/dl,\\nElevado > 240mg/dl\",\"help\":\"\",\"tipo\":{\"text\":\"Texto\",\"name\":\"text\",\"help\":\"Con este campo se puede dar un resultado libre corto y conciso.\"},\"choices_select\":[],\"choices\":[{\"edit\":false,\"name\":\"Option 1\",\"id\":0}],\"choices_count\":0,\"model_check\":[],\"nombre\":\"COLESTEROL TOTAL SERICO\",\"unidades\":\"mg/dl\",\"model_text\":\"\"}]", "laboratorio": 10}, "model": "laboratorios.formato", "pk": 14}, {"fields": {"formato": "[{\"nombre\":\"MUESTRA DE\",\"help\":\"\",\"choices\":[{\"id\":35,\"nombre\":\"U\u00f1as\",\"caracteristica\":{\"id\":7,\"codigo\":\"MUESTRA DE\",\"descripcion\":\"MUESTRA DE\"},\"text\":\"U\u00f1as\"},{\"id\":34,\"nombre\":\"SECRECION URETRAL\",\"caracteristica\":{\"id\":7,\"codigo\":\"MUESTRA DE\",\"descripcion\":\"MUESTRA DE\"},\"text\":\"SECRECION URETRAL\"},{\"id\":33,\"nombre\":\"ORINA\",\"caracteristica\":{\"id\":7,\"codigo\":\"MUESTRA DE\",\"descripcion\":\"MUESTRA DE\"},\"text\":\"ORINA\"},{\"id\":32,\"nombre\":\"FROTIS FARINGEO\",\"caracteristica\":{\"id\":7,\"codigo\":\"MUESTRA DE\",\"descripcion\":\"MUESTRA DE\"},\"text\":\"FROTIS FARINGEO\"}],\"choices_select\":[],\"choices_count\":0,\"model_text\":\"\",\"model_check\":[],\"unidades\":\"\",\"tipo\":{\"text\":\"Caracteristicas\",\"name\":\"select\",\"help\":\"Con este campo se muestran solo las opciones a partir de una caracteristica escogida.\"},\"referencia\":\"\",\"referencias\":{\"F\":{\"maxima\":\"\",\"minima\":\"\"},\"M\":{\"maxima\":\"\",\"minima\":\"\"}}},{\"nombre\":\"REACCION PMN\",\"help\":\"\",\"choices\":[{\"id\":45,\"nombre\":\"NO SE OBSERVAN\",\"caracteristica\":{\"id\":6,\"codigo\":\"SEMICUANTITATIVO\",\"descripcion\":\"SEMICUANTITATIVO\"},\"text\":\"NO SE OBSERVAN\"},{\"id\":44,\"nombre\":\"NEGATIVO\",\"caracteristica\":{\"id\":6,\"codigo\":\"SEMICUANTITATIVO\",\"descripcion\":\"SEMICUANTITATIVO\"},\"text\":\"NEGATIVO\"},{\"id\":43,\"nombre\":\"MODERADO\",\"caracteristica\":{\"id\":6,\"codigo\":\"SEMICUANTITATIVO\",\"descripcion\":\"SEMICUANTITATIVO\"},\"text\":\"MODERADO\"},{\"id\":42,\"nombre\":\"ESCASOS\",\"caracteristica\":{\"id\":6,\"codigo\":\"SEMICUANTITATIVO\",\"descripcion\":\"SEMICUANTITATIVO\"},\"text\":\"ESCASOS\"},{\"id\":41,\"nombre\":\"AUSENTES\",\"caracteristica\":{\"id\":6,\"codigo\":\"SEMICUANTITATIVO\",\"descripcion\":\"SEMICUANTITATIVO\"},\"text\":\"AUSENTES\"},{\"id\":40,\"nombre\":\"ABUNDANTE\",\"caracteristica\":{\"id\":6,\"codigo\":\"SEMICUANTITATIVO\",\"descripcion\":\"SEMICUANTITATIVO\"},\"text\":\"ABUNDANTE\"},{\"id\":39,\"nombre\":\"++++\",\"caracteristica\":{\"id\":6,\"codigo\":\"SEMICUANTITATIVO\",\"descripcion\":\"SEMICUANTITATIVO\"},\"text\":\"++++\"},{\"id\":38,\"nombre\":\"+++\",\"caracteristica\":{\"id\":6,\"codigo\":\"SEMICUANTITATIVO\",\"descripcion\":\"SEMICUANTITATIVO\"},\"text\":\"+++\"},{\"id\":37,\"nombre\":\"++\",\"caracteristica\":{\"id\":6,\"codigo\":\"SEMICUANTITATIVO\",\"descripcion\":\"SEMICUANTITATIVO\"},\"text\":\"++\"},{\"id\":36,\"nombre\":\"+\",\"caracteristica\":{\"id\":6,\"codigo\":\"SEMICUANTITATIVO\",\"descripcion\":\"SEMICUANTITATIVO\"},\"text\":\"+\"}],\"choices_select\":[],\"choices_count\":0,\"model_text\":\"\",\"model_check\":[],\"unidades\":\"\",\"tipo\":{\"text\":\"Caracteristicas\",\"name\":\"select\",\"help\":\"Con este campo se muestran solo las opciones a partir de una caracteristica escogida.\"},\"referencia\":\"\",\"referencias\":{\"F\":{\"maxima\":\"\",\"minima\":\"\"},\"M\":{\"maxima\":\"\",\"minima\":\"\"}}},{\"nombre\":\"BACILOS GRAM NEGATIVOS\",\"help\":\"\",\"choices\":[{\"id\":45,\"nombre\":\"NO SE OBSERVAN\",\"caracteristica\":{\"id\":6,\"codigo\":\"SEMICUANTITATIVO\",\"descripcion\":\"SEMICUANTITATIVO\"},\"text\":\"NO SE OBSERVAN\"},{\"id\":44,\"nombre\":\"NEGATIVO\",\"caracteristica\":{\"id\":6,\"codigo\":\"SEMICUANTITATIVO\",\"descripcion\":\"SEMICUANTITATIVO\"},\"text\":\"NEGATIVO\"},{\"id\":43,\"nombre\":\"MODERADO\",\"caracteristica\":{\"id\":6,\"codigo\":\"SEMICUANTITATIVO\",\"descripcion\":\"SEMICUANTITATIVO\"},\"text\":\"MODERADO\"},{\"id\":42,\"nombre\":\"ESCASOS\",\"caracteristica\":{\"id\":6,\"codigo\":\"SEMICUANTITATIVO\",\"descripcion\":\"SEMICUANTITATIVO\"},\"text\":\"ESCASOS\"},{\"id\":41,\"nombre\":\"AUSENTES\",\"caracteristica\":{\"id\":6,\"codigo\":\"SEMICUANTITATIVO\",\"descripcion\":\"SEMICUANTITATIVO\"},\"text\":\"AUSENTES\"},{\"id\":40,\"nombre\":\"ABUNDANTE\",\"caracteristica\":{\"id\":6,\"codigo\":\"SEMICUANTITATIVO\",\"descripcion\":\"SEMICUANTITATIVO\"},\"text\":\"ABUNDANTE\"},{\"id\":39,\"nombre\":\"++++\",\"caracteristica\":{\"id\":6,\"codigo\":\"SEMICUANTITATIVO\",\"descripcion\":\"SEMICUANTITATIVO\"},\"text\":\"++++\"},{\"id\":38,\"nombre\":\"+++\",\"caracteristica\":{\"id\":6,\"codigo\":\"SEMICUANTITATIVO\",\"descripcion\":\"SEMICUANTITATIVO\"},\"text\":\"+++\"},{\"id\":37,\"nombre\":\"++\",\"caracteristica\":{\"id\":6,\"codigo\":\"SEMICUANTITATIVO\",\"descripcion\":\"SEMICUANTITATIVO\"},\"text\":\"++\"},{\"id\":36,\"nombre\":\"+\",\"caracteristica\":{\"id\":6,\"codigo\":\"SEMICUANTITATIVO\",\"descripcion\":\"SEMICUANTITATIVO\"},\"text\":\"+\"}],\"choices_select\":[],\"choices_count\":0,\"model_text\":\"\",\"model_check\":[],\"unidades\":\"\",\"tipo\":{\"text\":\"Caracteristicas\",\"name\":\"select\",\"help\":\"Con este campo se muestran solo las opciones a partir de una caracteristica escogida.\"},\"referencia\":\"\",\"referencias\":{\"F\":{\"maxima\":\"\",\"minima\":\"\"},\"M\":{\"maxima\":\"\",\"minima\":\"\"}}},{\"nombre\":\"BACILOS DE GRAM POSITIVOS\",\"help\":\"\",\"choices\":[{\"id\":45,\"nombre\":\"NO SE OBSERVAN\",\"caracteristica\":{\"id\":6,\"codigo\":\"SEMICUANTITATIVO\",\"descripcion\":\"SEMICUANTITATIVO\"},\"text\":\"NO SE OBSERVAN\"},{\"id\":44,\"nombre\":\"NEGATIVO\",\"caracteristica\":{\"id\":6,\"codigo\":\"SEMICUANTITATIVO\",\"descripcion\":\"SEMICUANTITATIVO\"},\"text\":\"NEGATIVO\"},{\"id\":43,\"nombre\":\"MODERADO\",\"caracteristica\":{\"id\":6,\"codigo\":\"SEMICUANTITATIVO\",\"descripcion\":\"SEMICUANTITATIVO\"},\"text\":\"MODERADO\"},{\"id\":42,\"nombre\":\"ESCASOS\",\"caracteristica\":{\"id\":6,\"codigo\":\"SEMICUANTITATIVO\",\"descripcion\":\"SEMICUANTITATIVO\"},\"text\":\"ESCASOS\"},{\"id\":41,\"nombre\":\"AUSENTES\",\"caracteristica\":{\"id\":6,\"codigo\":\"SEMICUANTITATIVO\",\"descripcion\":\"SEMICUANTITATIVO\"},\"text\":\"AUSENTES\"},{\"id\":40,\"nombre\":\"ABUNDANTE\",\"caracteristica\":{\"id\":6,\"codigo\":\"SEMICUANTITATIVO\",\"descripcion\":\"SEMICUANTITATIVO\"},\"text\":\"ABUNDANTE\"},{\"id\":39,\"nombre\":\"++++\",\"caracteristica\":{\"id\":6,\"codigo\":\"SEMICUANTITATIVO\",\"descripcion\":\"SEMICUANTITATIVO\"},\"text\":\"++++\"},{\"id\":38,\"nombre\":\"+++\",\"caracteristica\":{\"id\":6,\"codigo\":\"SEMICUANTITATIVO\",\"descripcion\":\"SEMICUANTITATIVO\"},\"text\":\"+++\"},{\"id\":37,\"nombre\":\"++\",\"caracteristica\":{\"id\":6,\"codigo\":\"SEMICUANTITATIVO\",\"descripcion\":\"SEMICUANTITATIVO\"},\"text\":\"++\"},{\"id\":36,\"nombre\":\"+\",\"caracteristica\":{\"id\":6,\"codigo\":\"SEMICUANTITATIVO\",\"descripcion\":\"SEMICUANTITATIVO\"},\"text\":\"+\"}],\"choices_select\":[],\"choices_count\":0,\"model_text\":\"\",\"model_check\":[],\"unidades\":\"\",\"tipo\":{\"text\":\"Caracteristicas\",\"name\":\"select\",\"help\":\"Con este campo se muestran solo las opciones a partir de una caracteristica escogida.\"},\"referencia\":\"\",\"referencias\":{\"F\":{\"maxima\":\"\",\"minima\":\"\"},\"M\":{\"maxima\":\"\",\"minima\":\"\"}}},{\"nombre\":\"COCOBACILOS GRAM NEGATIVOS\",\"help\":\"\",\"choices\":[{\"id\":45,\"nombre\":\"NO SE OBSERVAN\",\"caracteristica\":{\"id\":6,\"codigo\":\"SEMICUANTITATIVO\",\"descripcion\":\"SEMICUANTITATIVO\"},\"text\":\"NO SE OBSERVAN\"},{\"id\":44,\"nombre\":\"NEGATIVO\",\"caracteristica\":{\"id\":6,\"codigo\":\"SEMICUANTITATIVO\",\"descripcion\":\"SEMICUANTITATIVO\"},\"text\":\"NEGATIVO\"},{\"id\":43,\"nombre\":\"MODERADO\",\"caracteristica\":{\"id\":6,\"codigo\":\"SEMICUANTITATIVO\",\"descripcion\":\"SEMICUANTITATIVO\"},\"text\":\"MODERADO\"},{\"id\":42,\"nombre\":\"ESCASOS\",\"caracteristica\":{\"id\":6,\"codigo\":\"SEMICUANTITATIVO\",\"descripcion\":\"SEMICUANTITATIVO\"},\"text\":\"ESCASOS\"},{\"id\":41,\"nombre\":\"AUSENTES\",\"caracteristica\":{\"id\":6,\"codigo\":\"SEMICUANTITATIVO\",\"descripcion\":\"SEMICUANTITATIVO\"},\"text\":\"AUSENTES\"},{\"id\":40,\"nombre\":\"ABUNDANTE\",\"caracteristica\":{\"id\":6,\"codigo\":\"SEMICUANTITATIVO\",\"descripcion\":\"SEMICUANTITATIVO\"},\"text\":\"ABUNDANTE\"},{\"id\":39,\"nombre\":\"++++\",\"caracteristica\":{\"id\":6,\"codigo\":\"SEMICUANTITATIVO\",\"descripcion\":\"SEMICUANTITATIVO\"},\"text\":\"++++\"},{\"id\":38,\"nombre\":\"+++\",\"caracteristica\":{\"id\":6,\"codigo\":\"SEMICUANTITATIVO\",\"descripcion\":\"SEMICUANTITATIVO\"},\"text\":\"+++\"},{\"id\":37,\"nombre\":\"++\",\"caracteristica\":{\"id\":6,\"codigo\":\"SEMICUANTITATIVO\",\"descripcion\":\"SEMICUANTITATIVO\"},\"text\":\"++\"},{\"id\":36,\"nombre\":\"+\",\"caracteristica\":{\"id\":6,\"codigo\":\"SEMICUANTITATIVO\",\"descripcion\":\"SEMICUANTITATIVO\"},\"text\":\"+\"}],\"choices_select\":[],\"choices_count\":0,\"model_text\":\"\",\"model_check\":[],\"unidades\":\"\",\"tipo\":{\"text\":\"Caracteristicas\",\"name\":\"select\",\"help\":\"Con este campo se muestran solo las opciones a partir de una caracteristica escogida.\"},\"referencia\":\"\",\"referencias\":{\"F\":{\"maxima\":\"\",\"minima\":\"\"},\"M\":{\"maxima\":\"\",\"minima\":\"\"}}},{\"nombre\":\"COCOS GRAM POSITIVOS\",\"help\":\"\",\"choices\":[{\"id\":45,\"nombre\":\"NO SE OBSERVAN\",\"caracteristica\":{\"id\":6,\"codigo\":\"SEMICUANTITATIVO\",\"descripcion\":\"SEMICUANTITATIVO\"},\"text\":\"NO SE OBSERVAN\"},{\"id\":44,\"nombre\":\"NEGATIVO\",\"caracteristica\":{\"id\":6,\"codigo\":\"SEMICUANTITATIVO\",\"descripcion\":\"SEMICUANTITATIVO\"},\"text\":\"NEGATIVO\"},{\"id\":43,\"nombre\":\"MODERADO\",\"caracteristica\":{\"id\":6,\"codigo\":\"SEMICUANTITATIVO\",\"descripcion\":\"SEMICUANTITATIVO\"},\"text\":\"MODERADO\"},{\"id\":42,\"nombre\":\"ESCASOS\",\"caracteristica\":{\"id\":6,\"codigo\":\"SEMICUANTITATIVO\",\"descripcion\":\"SEMICUANTITATIVO\"},\"text\":\"ESCASOS\"},{\"id\":41,\"nombre\":\"AUSENTES\",\"caracteristica\":{\"id\":6,\"codigo\":\"SEMICUANTITATIVO\",\"descripcion\":\"SEMICUANTITATIVO\"},\"text\":\"AUSENTES\"},{\"id\":40,\"nombre\":\"ABUNDANTE\",\"caracteristica\":{\"id\":6,\"codigo\":\"SEMICUANTITATIVO\",\"descripcion\":\"SEMICUANTITATIVO\"},\"text\":\"ABUNDANTE\"},{\"id\":39,\"nombre\":\"++++\",\"caracteristica\":{\"id\":6,\"codigo\":\"SEMICUANTITATIVO\",\"descripcion\":\"SEMICUANTITATIVO\"},\"text\":\"++++\"},{\"id\":38,\"nombre\":\"+++\",\"caracteristica\":{\"id\":6,\"codigo\":\"SEMICUANTITATIVO\",\"descripcion\":\"SEMICUANTITATIVO\"},\"text\":\"+++\"},{\"id\":37,\"nombre\":\"++\",\"caracteristica\":{\"id\":6,\"codigo\":\"SEMICUANTITATIVO\",\"descripcion\":\"SEMICUANTITATIVO\"},\"text\":\"++\"},{\"id\":36,\"nombre\":\"+\",\"caracteristica\":{\"id\":6,\"codigo\":\"SEMICUANTITATIVO\",\"descripcion\":\"SEMICUANTITATIVO\"},\"text\":\"+\"}],\"choices_select\":[],\"choices_count\":0,\"model_text\":\"\",\"model_check\":[],\"unidades\":\"\",\"tipo\":{\"text\":\"Caracteristicas\",\"name\":\"select\",\"help\":\"Con este campo se muestran solo las opciones a partir de una caracteristica escogida.\"},\"referencia\":\"\",\"referencias\":{\"F\":{\"maxima\":\"\",\"minima\":\"\"},\"M\":{\"maxima\":\"\",\"minima\":\"\"}}},{\"nombre\":\"BACILOS GRAM POSITIVOS TIPO CORINEBACTERIOS\",\"help\":\"\",\"choices\":[{\"id\":45,\"nombre\":\"NO SE OBSERVAN\",\"caracteristica\":{\"id\":6,\"codigo\":\"SEMICUANTITATIVO\",\"descripcion\":\"SEMICUANTITATIVO\"},\"text\":\"NO SE OBSERVAN\"},{\"id\":44,\"nombre\":\"NEGATIVO\",\"caracteristica\":{\"id\":6,\"codigo\":\"SEMICUANTITATIVO\",\"descripcion\":\"SEMICUANTITATIVO\"},\"text\":\"NEGATIVO\"},{\"id\":43,\"nombre\":\"MODERADO\",\"caracteristica\":{\"id\":6,\"codigo\":\"SEMICUANTITATIVO\",\"descripcion\":\"SEMICUANTITATIVO\"},\"text\":\"MODERADO\"},{\"id\":42,\"nombre\":\"ESCASOS\",\"caracteristica\":{\"id\":6,\"codigo\":\"SEMICUANTITATIVO\",\"descripcion\":\"SEMICUANTITATIVO\"},\"text\":\"ESCASOS\"},{\"id\":41,\"nombre\":\"AUSENTES\",\"caracteristica\":{\"id\":6,\"codigo\":\"SEMICUANTITATIVO\",\"descripcion\":\"SEMICUANTITATIVO\"},\"text\":\"AUSENTES\"},{\"id\":40,\"nombre\":\"ABUNDANTE\",\"caracteristica\":{\"id\":6,\"codigo\":\"SEMICUANTITATIVO\",\"descripcion\":\"SEMICUANTITATIVO\"},\"text\":\"ABUNDANTE\"},{\"id\":39,\"nombre\":\"++++\",\"caracteristica\":{\"id\":6,\"codigo\":\"SEMICUANTITATIVO\",\"descripcion\":\"SEMICUANTITATIVO\"},\"text\":\"++++\"},{\"id\":38,\"nombre\":\"+++\",\"caracteristica\":{\"id\":6,\"codigo\":\"SEMICUANTITATIVO\",\"descripcion\":\"SEMICUANTITATIVO\"},\"text\":\"+++\"},{\"id\":37,\"nombre\":\"++\",\"caracteristica\":{\"id\":6,\"codigo\":\"SEMICUANTITATIVO\",\"descripcion\":\"SEMICUANTITATIVO\"},\"text\":\"++\"},{\"id\":36,\"nombre\":\"+\",\"caracteristica\":{\"id\":6,\"codigo\":\"SEMICUANTITATIVO\",\"descripcion\":\"SEMICUANTITATIVO\"},\"text\":\"+\"}],\"choices_select\":[],\"choices_count\":0,\"model_text\":\"\",\"model_check\":[],\"unidades\":\"\",\"tipo\":{\"text\":\"Caracteristicas\",\"name\":\"select\",\"help\":\"Con este campo se muestran solo las opciones a partir de una caracteristica escogida.\"},\"referencia\":\"\",\"referencias\":{\"F\":{\"maxima\":\"\",\"minima\":\"\"},\"M\":{\"maxima\":\"\",\"minima\":\"\"}}},{\"nombre\":\"COCOBACILOS GRAM (-) COMPATIBLES GARDNERELLA VAQ\",\"help\":\"\",\"choices\":[{\"id\":45,\"nombre\":\"NO SE OBSERVAN\",\"caracteristica\":{\"id\":6,\"codigo\":\"SEMICUANTITATIVO\",\"descripcion\":\"SEMICUANTITATIVO\"},\"text\":\"NO SE OBSERVAN\"},{\"id\":44,\"nombre\":\"NEGATIVO\",\"caracteristica\":{\"id\":6,\"codigo\":\"SEMICUANTITATIVO\",\"descripcion\":\"SEMICUANTITATIVO\"},\"text\":\"NEGATIVO\"},{\"id\":43,\"nombre\":\"MODERADO\",\"caracteristica\":{\"id\":6,\"codigo\":\"SEMICUANTITATIVO\",\"descripcion\":\"SEMICUANTITATIVO\"},\"text\":\"MODERADO\"},{\"id\":42,\"nombre\":\"ESCASOS\",\"caracteristica\":{\"id\":6,\"codigo\":\"SEMICUANTITATIVO\",\"descripcion\":\"SEMICUANTITATIVO\"},\"text\":\"ESCASOS\"},{\"id\":41,\"nombre\":\"AUSENTES\",\"caracteristica\":{\"id\":6,\"codigo\":\"SEMICUANTITATIVO\",\"descripcion\":\"SEMICUANTITATIVO\"},\"text\":\"AUSENTES\"},{\"id\":40,\"nombre\":\"ABUNDANTE\",\"caracteristica\":{\"id\":6,\"codigo\":\"SEMICUANTITATIVO\",\"descripcion\":\"SEMICUANTITATIVO\"},\"text\":\"ABUNDANTE\"},{\"id\":39,\"nombre\":\"++++\",\"caracteristica\":{\"id\":6,\"codigo\":\"SEMICUANTITATIVO\",\"descripcion\":\"SEMICUANTITATIVO\"},\"text\":\"++++\"},{\"id\":38,\"nombre\":\"+++\",\"caracteristica\":{\"id\":6,\"codigo\":\"SEMICUANTITATIVO\",\"descripcion\":\"SEMICUANTITATIVO\"},\"text\":\"+++\"},{\"id\":37,\"nombre\":\"++\",\"caracteristica\":{\"id\":6,\"codigo\":\"SEMICUANTITATIVO\",\"descripcion\":\"SEMICUANTITATIVO\"},\"text\":\"++\"},{\"id\":36,\"nombre\":\"+\",\"caracteristica\":{\"id\":6,\"codigo\":\"SEMICUANTITATIVO\",\"descripcion\":\"SEMICUANTITATIVO\"},\"text\":\"+\"}],\"choices_select\":[],\"choices_count\":0,\"model_text\":\"\",\"model_check\":[],\"unidades\":\"\",\"tipo\":{\"text\":\"Caracteristicas\",\"name\":\"select\",\"help\":\"Con este campo se muestran solo las opciones a partir de una caracteristica escogida.\"},\"referencia\":\"\",\"referencias\":{\"F\":{\"maxima\":\"\",\"minima\":\"\"},\"M\":{\"maxima\":\"\",\"minima\":\"\"}}},{\"nombre\":\"DIPLOCOCOS GRAM (-) EXTRACELULARES\",\"help\":\"\",\"choices\":[{\"id\":45,\"nombre\":\"NO SE OBSERVAN\",\"caracteristica\":{\"id\":6,\"codigo\":\"SEMICUANTITATIVO\",\"descripcion\":\"SEMICUANTITATIVO\"},\"text\":\"NO SE OBSERVAN\"},{\"id\":44,\"nombre\":\"NEGATIVO\",\"caracteristica\":{\"id\":6,\"codigo\":\"SEMICUANTITATIVO\",\"descripcion\":\"SEMICUANTITATIVO\"},\"text\":\"NEGATIVO\"},{\"id\":43,\"nombre\":\"MODERADO\",\"caracteristica\":{\"id\":6,\"codigo\":\"SEMICUANTITATIVO\",\"descripcion\":\"SEMICUANTITATIVO\"},\"text\":\"MODERADO\"},{\"id\":42,\"nombre\":\"ESCASOS\",\"caracteristica\":{\"id\":6,\"codigo\":\"SEMICUANTITATIVO\",\"descripcion\":\"SEMICUANTITATIVO\"},\"text\":\"ESCASOS\"},{\"id\":41,\"nombre\":\"AUSENTES\",\"caracteristica\":{\"id\":6,\"codigo\":\"SEMICUANTITATIVO\",\"descripcion\":\"SEMICUANTITATIVO\"},\"text\":\"AUSENTES\"},{\"id\":40,\"nombre\":\"ABUNDANTE\",\"caracteristica\":{\"id\":6,\"codigo\":\"SEMICUANTITATIVO\",\"descripcion\":\"SEMICUANTITATIVO\"},\"text\":\"ABUNDANTE\"},{\"id\":39,\"nombre\":\"++++\",\"caracteristica\":{\"id\":6,\"codigo\":\"SEMICUANTITATIVO\",\"descripcion\":\"SEMICUANTITATIVO\"},\"text\":\"++++\"},{\"id\":38,\"nombre\":\"+++\",\"caracteristica\":{\"id\":6,\"codigo\":\"SEMICUANTITATIVO\",\"descripcion\":\"SEMICUANTITATIVO\"},\"text\":\"+++\"},{\"id\":37,\"nombre\":\"++\",\"caracteristica\":{\"id\":6,\"codigo\":\"SEMICUANTITATIVO\",\"descripcion\":\"SEMICUANTITATIVO\"},\"text\":\"++\"},{\"id\":36,\"nombre\":\"+\",\"caracteristica\":{\"id\":6,\"codigo\":\"SEMICUANTITATIVO\",\"descripcion\":\"SEMICUANTITATIVO\"},\"text\":\"+\"}],\"choices_select\":[],\"choices_count\":0,\"model_text\":\"\",\"model_check\":[],\"unidades\":\"\",\"tipo\":{\"text\":\"Caracteristicas\",\"name\":\"select\",\"help\":\"Con este campo se muestran solo las opciones a partir de una caracteristica escogida.\"},\"referencia\":\"\",\"referencias\":{\"F\":{\"maxima\":\"\",\"minima\":\"\"},\"M\":{\"maxima\":\"\",\"minima\":\"\"}}},{\"nombre\":\"DIPLOCOCOS GRAM (-) INTRACECULARES\",\"help\":\"\",\"choices\":[{\"id\":45,\"nombre\":\"NO SE OBSERVAN\",\"caracteristica\":{\"id\":6,\"codigo\":\"SEMICUANTITATIVO\",\"descripcion\":\"SEMICUANTITATIVO\"},\"text\":\"NO SE OBSERVAN\"},{\"id\":44,\"nombre\":\"NEGATIVO\",\"caracteristica\":{\"id\":6,\"codigo\":\"SEMICUANTITATIVO\",\"descripcion\":\"SEMICUANTITATIVO\"},\"text\":\"NEGATIVO\"},{\"id\":43,\"nombre\":\"MODERADO\",\"caracteristica\":{\"id\":6,\"codigo\":\"SEMICUANTITATIVO\",\"descripcion\":\"SEMICUANTITATIVO\"},\"text\":\"MODERADO\"},{\"id\":42,\"nombre\":\"ESCASOS\",\"caracteristica\":{\"id\":6,\"codigo\":\"SEMICUANTITATIVO\",\"descripcion\":\"SEMICUANTITATIVO\"},\"text\":\"ESCASOS\"},{\"id\":41,\"nombre\":\"AUSENTES\",\"caracteristica\":{\"id\":6,\"codigo\":\"SEMICUANTITATIVO\",\"descripcion\":\"SEMICUANTITATIVO\"},\"text\":\"AUSENTES\"},{\"id\":40,\"nombre\":\"ABUNDANTE\",\"caracteristica\":{\"id\":6,\"codigo\":\"SEMICUANTITATIVO\",\"descripcion\":\"SEMICUANTITATIVO\"},\"text\":\"ABUNDANTE\"},{\"id\":39,\"nombre\":\"++++\",\"caracteristica\":{\"id\":6,\"codigo\":\"SEMICUANTITATIVO\",\"descripcion\":\"SEMICUANTITATIVO\"},\"text\":\"++++\"},{\"id\":38,\"nombre\":\"+++\",\"caracteristica\":{\"id\":6,\"codigo\":\"SEMICUANTITATIVO\",\"descripcion\":\"SEMICUANTITATIVO\"},\"text\":\"+++\"},{\"id\":37,\"nombre\":\"++\",\"caracteristica\":{\"id\":6,\"codigo\":\"SEMICUANTITATIVO\",\"descripcion\":\"SEMICUANTITATIVO\"},\"text\":\"++\"},{\"id\":36,\"nombre\":\"+\",\"caracteristica\":{\"id\":6,\"codigo\":\"SEMICUANTITATIVO\",\"descripcion\":\"SEMICUANTITATIVO\"},\"text\":\"+\"}],\"choices_select\":[],\"choices_count\":0,\"model_text\":\"\",\"model_check\":[],\"unidades\":\"\",\"tipo\":{\"text\":\"Caracteristicas\",\"name\":\"select\",\"help\":\"Con este campo se muestran solo las opciones a partir de una caracteristica escogida.\"},\"referencia\":\"\",\"referencias\":{\"F\":{\"maxima\":\"\",\"minima\":\"\"},\"M\":{\"maxima\":\"\",\"minima\":\"\"}}},{\"nombre\":\"LACTOBACILOS DE DODERLEIN\",\"help\":\"\",\"choices\":[{\"id\":45,\"nombre\":\"NO SE OBSERVAN\",\"caracteristica\":{\"id\":6,\"codigo\":\"SEMICUANTITATIVO\",\"descripcion\":\"SEMICUANTITATIVO\"},\"text\":\"NO SE OBSERVAN\"},{\"id\":44,\"nombre\":\"NEGATIVO\",\"caracteristica\":{\"id\":6,\"codigo\":\"SEMICUANTITATIVO\",\"descripcion\":\"SEMICUANTITATIVO\"},\"text\":\"NEGATIVO\"},{\"id\":43,\"nombre\":\"MODERADO\",\"caracteristica\":{\"id\":6,\"codigo\":\"SEMICUANTITATIVO\",\"descripcion\":\"SEMICUANTITATIVO\"},\"text\":\"MODERADO\"},{\"id\":42,\"nombre\":\"ESCASOS\",\"caracteristica\":{\"id\":6,\"codigo\":\"SEMICUANTITATIVO\",\"descripcion\":\"SEMICUANTITATIVO\"},\"text\":\"ESCASOS\"},{\"id\":41,\"nombre\":\"AUSENTES\",\"caracteristica\":{\"id\":6,\"codigo\":\"SEMICUANTITATIVO\",\"descripcion\":\"SEMICUANTITATIVO\"},\"text\":\"AUSENTES\"},{\"id\":40,\"nombre\":\"ABUNDANTE\",\"caracteristica\":{\"id\":6,\"codigo\":\"SEMICUANTITATIVO\",\"descripcion\":\"SEMICUANTITATIVO\"},\"text\":\"ABUNDANTE\"},{\"id\":39,\"nombre\":\"++++\",\"caracteristica\":{\"id\":6,\"codigo\":\"SEMICUANTITATIVO\",\"descripcion\":\"SEMICUANTITATIVO\"},\"text\":\"++++\"},{\"id\":38,\"nombre\":\"+++\",\"caracteristica\":{\"id\":6,\"codigo\":\"SEMICUANTITATIVO\",\"descripcion\":\"SEMICUANTITATIVO\"},\"text\":\"+++\"},{\"id\":37,\"nombre\":\"++\",\"caracteristica\":{\"id\":6,\"codigo\":\"SEMICUANTITATIVO\",\"descripcion\":\"SEMICUANTITATIVO\"},\"text\":\"++\"},{\"id\":36,\"nombre\":\"+\",\"caracteristica\":{\"id\":6,\"codigo\":\"SEMICUANTITATIVO\",\"descripcion\":\"SEMICUANTITATIVO\"},\"text\":\"+\"}],\"choices_select\":[],\"choices_count\":0,\"model_text\":\"\",\"model_check\":[],\"unidades\":\"\",\"tipo\":{\"text\":\"Caracteristicas\",\"name\":\"select\",\"help\":\"Con este campo se muestran solo las opciones a partir de una caracteristica escogida.\"},\"referencia\":\"\",\"referencias\":{\"F\":{\"maxima\":\"\",\"minima\":\"\"},\"M\":{\"maxima\":\"\",\"minima\":\"\"}}},{\"nombre\":\"LEVADURAS\",\"help\":\"\",\"choices\":[{\"id\":45,\"nombre\":\"NO SE OBSERVAN\",\"caracteristica\":{\"id\":6,\"codigo\":\"SEMICUANTITATIVO\",\"descripcion\":\"SEMICUANTITATIVO\"},\"text\":\"NO SE OBSERVAN\"},{\"id\":44,\"nombre\":\"NEGATIVO\",\"caracteristica\":{\"id\":6,\"codigo\":\"SEMICUANTITATIVO\",\"descripcion\":\"SEMICUANTITATIVO\"},\"text\":\"NEGATIVO\"},{\"id\":43,\"nombre\":\"MODERADO\",\"caracteristica\":{\"id\":6,\"codigo\":\"SEMICUANTITATIVO\",\"descripcion\":\"SEMICUANTITATIVO\"},\"text\":\"MODERADO\"},{\"id\":42,\"nombre\":\"ESCASOS\",\"caracteristica\":{\"id\":6,\"codigo\":\"SEMICUANTITATIVO\",\"descripcion\":\"SEMICUANTITATIVO\"},\"text\":\"ESCASOS\"},{\"id\":41,\"nombre\":\"AUSENTES\",\"caracteristica\":{\"id\":6,\"codigo\":\"SEMICUANTITATIVO\",\"descripcion\":\"SEMICUANTITATIVO\"},\"text\":\"AUSENTES\"},{\"id\":40,\"nombre\":\"ABUNDANTE\",\"caracteristica\":{\"id\":6,\"codigo\":\"SEMICUANTITATIVO\",\"descripcion\":\"SEMICUANTITATIVO\"},\"text\":\"ABUNDANTE\"},{\"id\":39,\"nombre\":\"++++\",\"caracteristica\":{\"id\":6,\"codigo\":\"SEMICUANTITATIVO\",\"descripcion\":\"SEMICUANTITATIVO\"},\"text\":\"++++\"},{\"id\":38,\"nombre\":\"+++\",\"caracteristica\":{\"id\":6,\"codigo\":\"SEMICUANTITATIVO\",\"descripcion\":\"SEMICUANTITATIVO\"},\"text\":\"+++\"},{\"id\":37,\"nombre\":\"++\",\"caracteristica\":{\"id\":6,\"codigo\":\"SEMICUANTITATIVO\",\"descripcion\":\"SEMICUANTITATIVO\"},\"text\":\"++\"},{\"id\":36,\"nombre\":\"+\",\"caracteristica\":{\"id\":6,\"codigo\":\"SEMICUANTITATIVO\",\"descripcion\":\"SEMICUANTITATIVO\"},\"text\":\"+\"}],\"choices_select\":[],\"choices_count\":0,\"model_text\":\"\",\"model_check\":[],\"unidades\":\"\",\"tipo\":{\"text\":\"Caracteristicas\",\"name\":\"select\",\"help\":\"Con este campo se muestran solo las opciones a partir de una caracteristica escogida.\"},\"referencia\":\"\",\"referencias\":{\"F\":{\"maxima\":\"\",\"minima\":\"\"},\"M\":{\"maxima\":\"\",\"minima\":\"\"}}},{\"nombre\":\"PSEUDOMICELIOS\",\"help\":\"\",\"choices\":[{\"edit\":false,\"name\":\"Option 1\",\"id\":0}],\"choices_select\":[],\"choices_count\":0,\"model_text\":\"\",\"model_check\":[],\"unidades\":\"\",\"tipo\":{\"text\":\"Texto\",\"name\":\"text\",\"help\":\"Con este campo se puede dar un resultado libre corto y conciso.\"},\"referencia\":\"\",\"referencias\":{\"F\":{\"maxima\":\"\",\"minima\":\"\"},\"M\":{\"maxima\":\"\",\"minima\":\"\"}}}]", "laboratorio": 23}, "model": "laboratorios.formato", "pk": 15}, {"fields": {"formato": "[{\"nombre\":\"SEROLOGIA II\",\"help\":\"\",\"choices\":[{\"edit\":false,\"name\":\"Option 1\",\"id\":0}],\"choices_select\":[],\"choices_count\":0,\"model_text\":\"\",\"model_check\":[],\"unidades\":\"\",\"tipo\":{\"text\":\"N\u00fameros\",\"name\":\"number\",\"help\":\"Con este campo se puede dar un resultado num\u00e9rico.\"},\"referencia\":\"\",\"referencias\":{\"F\":{\"maxima\":\"0\",\"minima\":\"0\"},\"M\":{\"maxima\":\"\",\"minima\":\"\"}}}]", "laboratorio": 24}, "model": "laboratorios.formato", "pk": 16}, {"fields": {"formato": "[{\"nombre\":\"GLUCOSA SANGUINEA\",\"help\":\"\",\"choices\":[{\"edit\":false,\"name\":\"Option 1\",\"id\":0}],\"choices_select\":[],\"choices_count\":0,\"model_text\":\"\",\"model_check\":[],\"unidades\":\"mg/dl\",\"tipo\":{\"text\":\"N\u00fameros\",\"name\":\"number\",\"help\":\"Con este campo se puede dar un resultado num\u00e9rico.\"},\"referencia\":\"\",\"referencias\":{\"F\":{\"maxima\":\"105\",\"minima\":\"70\"},\"M\":{\"maxima\":\"105\",\"minima\":\"70\"}}}]", "laboratorio": 14}, "model": "laboratorios.formato", "pk": 17}, {"fields": {"formato": "[{\"nombre\":\"NIVEL SERICO DE GLUCOSA\",\"help\":\"\",\"choices\":[{\"edit\":false,\"name\":\"Option 1\",\"id\":0}],\"choices_select\":[],\"choices_count\":0,\"model_text\":\"\",\"model_check\":[],\"unidades\":\"mg/ml\",\"tipo\":{\"text\":\"N\u00fameros\",\"name\":\"number\",\"help\":\"Con este campo se puede dar un resultado num\u00e9rico.\"},\"referencia\":\"\",\"referencias\":{\"F\":{\"maxima\":\"115\",\"minima\":\"75\"},\"M\":{\"maxima\":\"115\",\"minima\":\"75\"}}},{\"nombre\":\"NIVEL DE GLUCOSA A LA 1/2 HORA\",\"help\":\"\",\"choices\":[{\"edit\":false,\"name\":\"Option 1\",\"id\":0}],\"choices_select\":[],\"choices_count\":0,\"model_text\":\"\",\"model_check\":[],\"unidades\":\"mg/dl\",\"tipo\":{\"text\":\"N\u00fameros\",\"name\":\"number\",\"help\":\"Con este campo se puede dar un resultado num\u00e9rico.\"},\"referencia\":\"\",\"referencias\":{\"F\":{\"maxima\":\"160\",\"minima\":\"100\"},\"M\":{\"maxima\":\"160\",\"minima\":\"100\"}}},{\"nombre\":\"NIVEL DE GLUCOSA A LA 1 HORA\",\"help\":\"\",\"choices\":[{\"edit\":false,\"name\":\"Option 1\",\"id\":0}],\"choices_select\":[],\"choices_count\":0,\"model_text\":\"\",\"model_check\":[],\"unidades\":\"mg/dl\",\"tipo\":{\"text\":\"N\u00fameros\",\"name\":\"number\",\"help\":\"Con este campo se puede dar un resultado num\u00e9rico.\"},\"referencia\":\"\",\"referencias\":{\"F\":{\"maxima\":\"150\",\"minima\":\"90\"},\"M\":{\"maxima\":\"150\",\"minima\":\"90\"}}},{\"nombre\":\"NIVEL DE GLUCOSA A LA 2DA HORA\",\"help\":\"\",\"choices\":[{\"edit\":false,\"name\":\"Option 1\",\"id\":0}],\"choices_select\":[],\"choices_count\":0,\"model_text\":\"\",\"model_check\":[],\"unidades\":\"mg/dl\",\"tipo\":{\"text\":\"N\u00fameros\",\"name\":\"number\",\"help\":\"Con este campo se puede dar un resultado num\u00e9rico.\"},\"referencia\":\"\",\"referencias\":{\"F\":{\"maxima\":\"115\",\"minima\":\"80\"},\"M\":{\"maxima\":\"115\",\"minima\":\"80\"}}},{\"nombre\":\"NIVEL DE GLUCOSA A LA 3RA HORA\",\"help\":\"\",\"choices\":[{\"edit\":false,\"name\":\"Option 1\",\"id\":0}],\"choices_select\":[],\"choices_count\":0,\"model_text\":\"\",\"model_check\":[],\"unidades\":\"mg/dl\",\"tipo\":{\"text\":\"N\u00fameros\",\"name\":\"number\",\"help\":\"Con este campo se puede dar un resultado num\u00e9rico.\"},\"referencia\":\"\",\"referencias\":{\"F\":{\"maxima\":\"100\",\"minima\":\"70\"},\"M\":{\"maxima\":\"100\",\"minima\":\"70\"}}},{\"nombre\":\"GLUCOSURIA EN AYUNAS\",\"help\":\"\",\"choices\":[{\"id\":51,\"nombre\":\"POSITIVA (++++) (2000 mgr/dl)\",\"caracteristica\":{\"id\":8,\"codigo\":\"GLUCOSURIA\",\"descripcion\":\"GLUCOSURIA\"},\"text\":\"POSITIVA (++++) (2000 mgr/dl)\"},{\"id\":50,\"nombre\":\"POSITIVA (++++) (1000 mgr/dl)\",\"caracteristica\":{\"id\":8,\"codigo\":\"GLUCOSURIA\",\"descripcion\":\"GLUCOSURIA\"},\"text\":\"POSITIVA (++++) (1000 mgr/dl)\"},{\"id\":49,\"nombre\":\"POSITIVA (+++) (500 mgr/dl)\",\"caracteristica\":{\"id\":8,\"codigo\":\"GLUCOSURIA\",\"descripcion\":\"GLUCOSURIA\"},\"text\":\"POSITIVA (+++) (500 mgr/dl)\"},{\"id\":48,\"nombre\":\"POSITIVA (++) (250 mgr/dl)\",\"caracteristica\":{\"id\":8,\"codigo\":\"GLUCOSURIA\",\"descripcion\":\"GLUCOSURIA\"},\"text\":\"POSITIVA (++) (250 mgr/dl)\"},{\"id\":47,\"nombre\":\"POSITIVA (+) (100 mgr/dl)\",\"caracteristica\":{\"id\":8,\"codigo\":\"GLUCOSURIA\",\"descripcion\":\"GLUCOSURIA\"},\"text\":\"POSITIVA (+) (100 mgr/dl)\"},{\"id\":46,\"nombre\":\"NEGATIVA\",\"caracteristica\":{\"id\":8,\"codigo\":\"GLUCOSURIA\",\"descripcion\":\"GLUCOSURIA\"},\"text\":\"NEGATIVA\"}],\"choices_select\":[],\"choices_count\":0,\"model_text\":\"\",\"model_check\":[],\"unidades\":\"\",\"tipo\":{\"text\":\"Caracteristicas\",\"name\":\"select\",\"help\":\"Con este campo se muestran solo las opciones a partir de una caracteristica escogida.\"},\"referencia\":\"\",\"referencias\":{\"F\":{\"maxima\":\"\",\"minima\":\"\"},\"M\":{\"maxima\":\"\",\"minima\":\"\"}}},{\"nombre\":\"GLUCOSURIA A LA 1/2 HORA\",\"help\":\"\",\"choices\":[{\"id\":51,\"nombre\":\"POSITIVA (++++) (2000 mgr/dl)\",\"caracteristica\":{\"id\":8,\"codigo\":\"GLUCOSURIA\",\"descripcion\":\"GLUCOSURIA\"},\"text\":\"POSITIVA (++++) (2000 mgr/dl)\"},{\"id\":50,\"nombre\":\"POSITIVA (++++) (1000 mgr/dl)\",\"caracteristica\":{\"id\":8,\"codigo\":\"GLUCOSURIA\",\"descripcion\":\"GLUCOSURIA\"},\"text\":\"POSITIVA (++++) (1000 mgr/dl)\"},{\"id\":49,\"nombre\":\"POSITIVA (+++) (500 mgr/dl)\",\"caracteristica\":{\"id\":8,\"codigo\":\"GLUCOSURIA\",\"descripcion\":\"GLUCOSURIA\"},\"text\":\"POSITIVA (+++) (500 mgr/dl)\"},{\"id\":48,\"nombre\":\"POSITIVA (++) (250 mgr/dl)\",\"caracteristica\":{\"id\":8,\"codigo\":\"GLUCOSURIA\",\"descripcion\":\"GLUCOSURIA\"},\"text\":\"POSITIVA (++) (250 mgr/dl)\"},{\"id\":47,\"nombre\":\"POSITIVA (+) (100 mgr/dl)\",\"caracteristica\":{\"id\":8,\"codigo\":\"GLUCOSURIA\",\"descripcion\":\"GLUCOSURIA\"},\"text\":\"POSITIVA (+) (100 mgr/dl)\"},{\"id\":46,\"nombre\":\"NEGATIVA\",\"caracteristica\":{\"id\":8,\"codigo\":\"GLUCOSURIA\",\"descripcion\":\"GLUCOSURIA\"},\"text\":\"NEGATIVA\"}],\"choices_select\":[],\"choices_count\":0,\"model_text\":\"\",\"model_check\":[],\"unidades\":\"\",\"tipo\":{\"text\":\"Caracteristicas\",\"name\":\"select\",\"help\":\"Con este campo se muestran solo las opciones a partir de una caracteristica escogida.\"},\"referencia\":\"\",\"referencias\":{\"F\":{\"maxima\":\"\",\"minima\":\"\"},\"M\":{\"maxima\":\"\",\"minima\":\"\"}}},{\"nombre\":\"GLUCOSURIA A LA HORA\",\"help\":\"\",\"choices\":[{\"id\":51,\"nombre\":\"POSITIVA (++++) (2000 mgr/dl)\",\"caracteristica\":{\"id\":8,\"codigo\":\"GLUCOSURIA\",\"descripcion\":\"GLUCOSURIA\"},\"text\":\"POSITIVA (++++) (2000 mgr/dl)\"},{\"id\":50,\"nombre\":\"POSITIVA (++++) (1000 mgr/dl)\",\"caracteristica\":{\"id\":8,\"codigo\":\"GLUCOSURIA\",\"descripcion\":\"GLUCOSURIA\"},\"text\":\"POSITIVA (++++) (1000 mgr/dl)\"},{\"id\":49,\"nombre\":\"POSITIVA (+++) (500 mgr/dl)\",\"caracteristica\":{\"id\":8,\"codigo\":\"GLUCOSURIA\",\"descripcion\":\"GLUCOSURIA\"},\"text\":\"POSITIVA (+++) (500 mgr/dl)\"},{\"id\":48,\"nombre\":\"POSITIVA (++) (250 mgr/dl)\",\"caracteristica\":{\"id\":8,\"codigo\":\"GLUCOSURIA\",\"descripcion\":\"GLUCOSURIA\"},\"text\":\"POSITIVA (++) (250 mgr/dl)\"},{\"id\":47,\"nombre\":\"POSITIVA (+) (100 mgr/dl)\",\"caracteristica\":{\"id\":8,\"codigo\":\"GLUCOSURIA\",\"descripcion\":\"GLUCOSURIA\"},\"text\":\"POSITIVA (+) (100 mgr/dl)\"},{\"id\":46,\"nombre\":\"NEGATIVA\",\"caracteristica\":{\"id\":8,\"codigo\":\"GLUCOSURIA\",\"descripcion\":\"GLUCOSURIA\"},\"text\":\"NEGATIVA\"}],\"choices_select\":[],\"choices_count\":0,\"model_text\":\"\",\"model_check\":[],\"unidades\":\"\",\"tipo\":{\"text\":\"Caracteristicas\",\"name\":\"select\",\"help\":\"Con este campo se muestran solo las opciones a partir de una caracteristica escogida.\"},\"referencia\":\"\",\"referencias\":{\"F\":{\"maxima\":\"\",\"minima\":\"\"},\"M\":{\"maxima\":\"\",\"minima\":\"\"}}},{\"nombre\":\"GLUCOSURIA A LA 2DA HORA\",\"help\":\"\",\"choices\":[{\"id\":51,\"nombre\":\"POSITIVA (++++) (2000 mgr/dl)\",\"caracteristica\":{\"id\":8,\"codigo\":\"GLUCOSURIA\",\"descripcion\":\"GLUCOSURIA\"},\"text\":\"POSITIVA (++++) (2000 mgr/dl)\"},{\"id\":50,\"nombre\":\"POSITIVA (++++) (1000 mgr/dl)\",\"caracteristica\":{\"id\":8,\"codigo\":\"GLUCOSURIA\",\"descripcion\":\"GLUCOSURIA\"},\"text\":\"POSITIVA (++++) (1000 mgr/dl)\"},{\"id\":49,\"nombre\":\"POSITIVA (+++) (500 mgr/dl)\",\"caracteristica\":{\"id\":8,\"codigo\":\"GLUCOSURIA\",\"descripcion\":\"GLUCOSURIA\"},\"text\":\"POSITIVA (+++) (500 mgr/dl)\"},{\"id\":48,\"nombre\":\"POSITIVA (++) (250 mgr/dl)\",\"caracteristica\":{\"id\":8,\"codigo\":\"GLUCOSURIA\",\"descripcion\":\"GLUCOSURIA\"},\"text\":\"POSITIVA (++) (250 mgr/dl)\"},{\"id\":47,\"nombre\":\"POSITIVA (+) (100 mgr/dl)\",\"caracteristica\":{\"id\":8,\"codigo\":\"GLUCOSURIA\",\"descripcion\":\"GLUCOSURIA\"},\"text\":\"POSITIVA (+) (100 mgr/dl)\"},{\"id\":46,\"nombre\":\"NEGATIVA\",\"caracteristica\":{\"id\":8,\"codigo\":\"GLUCOSURIA\",\"descripcion\":\"GLUCOSURIA\"},\"text\":\"NEGATIVA\"}],\"choices_select\":[],\"choices_count\":0,\"model_text\":\"\",\"model_check\":[],\"unidades\":\"\",\"tipo\":{\"text\":\"Caracteristicas\",\"name\":\"select\",\"help\":\"Con este campo se muestran solo las opciones a partir de una caracteristica escogida.\"},\"referencia\":\"\",\"referencias\":{\"F\":{\"maxima\":\"\",\"minima\":\"\"},\"M\":{\"maxima\":\"\",\"minima\":\"\"}}},{\"nombre\":\"GLUCOSURIA A LA 3RA HORA\",\"help\":\"\",\"choices\":[{\"id\":51,\"nombre\":\"POSITIVA (++++) (2000 mgr/dl)\",\"caracteristica\":{\"id\":8,\"codigo\":\"GLUCOSURIA\",\"descripcion\":\"GLUCOSURIA\"},\"text\":\"POSITIVA (++++) (2000 mgr/dl)\"},{\"id\":50,\"nombre\":\"POSITIVA (++++) (1000 mgr/dl)\",\"caracteristica\":{\"id\":8,\"codigo\":\"GLUCOSURIA\",\"descripcion\":\"GLUCOSURIA\"},\"text\":\"POSITIVA (++++) (1000 mgr/dl)\"},{\"id\":49,\"nombre\":\"POSITIVA (+++) (500 mgr/dl)\",\"caracteristica\":{\"id\":8,\"codigo\":\"GLUCOSURIA\",\"descripcion\":\"GLUCOSURIA\"},\"text\":\"POSITIVA (+++) (500 mgr/dl)\"},{\"id\":48,\"nombre\":\"POSITIVA (++) (250 mgr/dl)\",\"caracteristica\":{\"id\":8,\"codigo\":\"GLUCOSURIA\",\"descripcion\":\"GLUCOSURIA\"},\"text\":\"POSITIVA (++) (250 mgr/dl)\"},{\"id\":47,\"nombre\":\"POSITIVA (+) (100 mgr/dl)\",\"caracteristica\":{\"id\":8,\"codigo\":\"GLUCOSURIA\",\"descripcion\":\"GLUCOSURIA\"},\"text\":\"POSITIVA (+) (100 mgr/dl)\"},{\"id\":46,\"nombre\":\"NEGATIVA\",\"caracteristica\":{\"id\":8,\"codigo\":\"GLUCOSURIA\",\"descripcion\":\"GLUCOSURIA\"},\"text\":\"NEGATIVA\"}],\"choices_select\":[],\"choices_count\":0,\"model_text\":\"\",\"model_check\":[],\"unidades\":\"\",\"tipo\":{\"text\":\"Caracteristicas\",\"name\":\"select\",\"help\":\"Con este campo se muestran solo las opciones a partir de una caracteristica escogida.\"},\"referencia\":\"\",\"referencias\":{\"F\":{\"maxima\":\"\",\"minima\":\"\"},\"M\":{\"maxima\":\"\",\"minima\":\"\"}}}]", "laboratorio": 25}, "model": "laboratorios.formato", "pk": 18}, {"fields": {"formato": "[{\"nombre\":\"NIVEL DE GLICEMIA (4 PM)\",\"help\":\"\",\"choices\":[{\"edit\":false,\"name\":\"Option 1\",\"id\":0}],\"choices_select\":[],\"choices_count\":0,\"model_text\":\"\",\"model_check\":[],\"unidades\":\"mg/dl\",\"tipo\":{\"text\":\"N\u00fameros\",\"name\":\"number\",\"help\":\"Con este campo se puede dar un resultado num\u00e9rico.\"},\"referencia\":\"\",\"referencias\":{\"F\":{\"maxima\":\"110\",\"minima\":\"76\"},\"M\":{\"maxima\":\"110\",\"minima\":\"76\"}}}]", "laboratorio": 26}, "model": "laboratorios.formato", "pk": 19}, {"fields": {"formato": "[{\"nombre\":\"NIVEL SERICO DE GLUCOSA EN AYUNAS\",\"help\":\"\",\"choices\":[{\"edit\":false,\"name\":\"Option 1\",\"id\":0}],\"choices_select\":[],\"choices_count\":0,\"model_text\":\"\",\"model_check\":[],\"unidades\":\"mg/dl\",\"tipo\":{\"text\":\"N\u00fameros\",\"name\":\"number\",\"help\":\"Con este campo se puede dar un resultado num\u00e9rico.\"},\"referencia\":\"\",\"referencias\":{\"F\":{\"maxima\":\"110\",\"minima\":\"70\"},\"M\":{\"maxima\":\"110\",\"minima\":\"70\"}}},{\"nombre\":\"NIVEL SERICO DE GLUCOSA A LAS 2 HORAS\",\"help\":\"\",\"choices\":[{\"edit\":false,\"name\":\"Option 1\",\"id\":0}],\"choices_select\":[],\"choices_count\":0,\"model_text\":\"\",\"model_check\":[],\"unidades\":\"mg/dl\",\"tipo\":{\"text\":\"N\u00fameros\",\"name\":\"number\",\"help\":\"Con este campo se puede dar un resultado num\u00e9rico.\"},\"referencia\":\"\",\"referencias\":{\"F\":{\"maxima\":\"110\",\"minima\":\"70\"},\"M\":{\"maxima\":\"110\",\"minima\":\"70\"}}}]", "laboratorio": 27}, "model": "laboratorios.formato", "pk": 20}, {"fields": {"formato": "[{\"nombre\":\"A - ERITROGRAMA\",\"help\":\"\",\"choices\":[{\"edit\":false,\"name\":\"Option 1\",\"id\":0}],\"choices_select\":[],\"choices_count\":0,\"model_text\":\"\",\"model_check\":[],\"unidades\":\"\",\"tipo\":{\"text\":\"Titulo\",\"name\":\"title\",\"help\":\"Con este campo se crear\u00e1 un titulo, el cual servir\u00e1 de separador.\"},\"referencia\":\"\",\"referencias\":{\"F\":{\"maxima\":\"\",\"minima\":\"\"},\"M\":{\"maxima\":\"\",\"minima\":\"\"}}},{\"nombre\":\"HEMATOCRITO\",\"help\":\"\",\"choices\":[{\"edit\":false,\"name\":\"Option 1\",\"id\":0}],\"choices_select\":[],\"choices_count\":0,\"model_text\":\"\",\"model_check\":[],\"unidades\":\"%\",\"tipo\":{\"text\":\"N\u00fameros\",\"name\":\"number\",\"help\":\"Con este campo se puede dar un resultado num\u00e9rico.\"},\"referencia\":\"\",\"referencias\":{\"F\":{\"maxima\":\"42\",\"minima\":\"34\"},\"M\":{\"maxima\":\"43\",\"minima\":\"31\"}}}]", "laboratorio": 15}, "model": "laboratorios.formato", "pk": 21}, {"fields": {"formato": "[{\"nombre\":\"A - ERITROGRAMA\",\"help\":\"\",\"choices\":[{\"edit\":false,\"name\":\"Option 1\",\"id\":0}],\"choices_select\":[],\"choices_count\":0,\"model_text\":\"\",\"model_check\":[],\"unidades\":\"\",\"tipo\":{\"text\":\"Titulo\",\"name\":\"title\",\"help\":\"Con este campo se crear\u00e1 un titulo, el cual servir\u00e1 de separador.\"},\"referencia\":\"\",\"referencias\":{\"F\":{\"maxima\":\"\",\"minima\":\"\"},\"M\":{\"maxima\":\"\",\"minima\":\"\"}}},{\"nombre\":\"HEMOGLOBINA\",\"help\":\"\",\"choices\":[{\"edit\":false,\"name\":\"Option 1\",\"id\":0}],\"choices_select\":[],\"choices_count\":0,\"model_text\":\"\",\"model_check\":[],\"unidades\":\"gr/dl\",\"tipo\":{\"text\":\"N\u00fameros\",\"name\":\"number\",\"help\":\"Con este campo se puede dar un resultado num\u00e9rico.\"},\"referencia\":\"\",\"referencias\":{\"F\":{\"maxima\":\"15.0\",\"minima\":\"11.0\"},\"M\":{\"maxima\":\"16.50\",\"minima\":\"14.5\"}}}]", "laboratorio": 17}, "model": "laboratorios.formato", "pk": 22}, {"fields": {"formato": "[{\"referencias\":{\"M\":{\"minima\":\"\",\"maxima\":\"\"},\"F\":{\"minima\":\"\",\"maxima\":\"\"}},\"referencia\":\"\",\"help\":\"\",\"tipo\":{\"text\":\"Titulo\",\"name\":\"title\",\"help\":\"Con este campo se crear\u00e1 un titulo, el cual servir\u00e1 de separador.\"},\"choices_select\":[],\"choices\":[{\"edit\":false,\"name\":\"Option 1\",\"id\":0}],\"choices_count\":0,\"model_check\":[],\"nombre\":\"B - LEUCOGRAMA\",\"unidades\":\"\",\"model_text\":\"\"},{\"referencias\":{\"M\":{\"minima\":\"5000\",\"maxima\":\"10000\"},\"F\":{\"minima\":\"5000\",\"maxima\":\"10000\"}},\"referencia\":\"\",\"help\":\"\",\"tipo\":{\"text\":\"N\u00fameros\",\"name\":\"number\",\"help\":\"Con este campo se puede dar un resultado num\u00e9rico.\"},\"choices_select\":[],\"choices\":[{\"edit\":false,\"name\":\"Option 1\",\"id\":0}],\"choices_count\":0,\"model_check\":[],\"nombre\":\"RECUENTO DE LEUCOCITOS\",\"unidades\":\"/mm3\",\"model_text\":\"\"},{\"referencias\":{\"M\":{\"minima\":\"45\",\"maxima\":\"65\"},\"F\":{\"minima\":\"45\",\"maxima\":\"65\"}},\"referencia\":\"\",\"help\":\"\",\"tipo\":{\"text\":\"N\u00fameros\",\"name\":\"number\",\"help\":\"Con este campo se puede dar un resultado num\u00e9rico.\"},\"choices_select\":[],\"choices\":[{\"edit\":false,\"name\":\"Option 1\",\"id\":0}],\"choices_count\":0,\"model_check\":[],\"nombre\":\"P.N. NEUTROFILOS\",\"unidades\":\"%\",\"model_text\":\"\"},{\"referencias\":{\"M\":{\"minima\":\"43\",\"maxima\":\"76\"},\"F\":{\"minima\":\"43\",\"maxima\":\"76\"}},\"referencia\":\"\",\"help\":\"\",\"tipo\":{\"text\":\"N\u00fameros\",\"name\":\"number\",\"help\":\"Con este campo se puede dar un resultado num\u00e9rico.\"},\"choices_select\":[],\"choices\":[{\"edit\":false,\"name\":\"Option 1\",\"id\":0}],\"choices_count\":0,\"model_check\":[],\"nombre\":\"P.N. GRANULOCITOS\",\"unidades\":\"%\",\"model_text\":\"\"},{\"nombre\":\"BANDAS O CAYADOS\",\"help\":\"\",\"choices\":[{\"edit\":false,\"name\":\"Option 1\",\"id\":0}],\"choices_select\":[],\"choices_count\":0,\"model_text\":\"\",\"model_check\":[],\"unidades\":\"%\",\"tipo\":{\"text\":\"N\u00fameros\",\"name\":\"number\",\"help\":\"Con este campo se puede dar un resultado num\u00e9rico.\"},\"referencia\":\"\",\"referencias\":{\"F\":{\"maxima\":\"5\",\"minima\":\"1\"},\"M\":{\"maxima\":\"5\",\"minima\":\"1\"}}},{\"nombre\":\"P.N EOSINOFILOS\",\"help\":\"\",\"choices\":[{\"edit\":false,\"name\":\"Option 1\",\"id\":0}],\"choices_select\":[],\"choices_count\":0,\"model_text\":\"\",\"model_check\":[],\"unidades\":\"%\",\"tipo\":{\"text\":\"N\u00fameros\",\"name\":\"number\",\"help\":\"Con este campo se puede dar un resultado num\u00e9rico.\"},\"referencia\":\"\",\"referencias\":{\"F\":{\"maxima\":\"5\",\"minima\":\"1\"},\"M\":{\"maxima\":\"5\",\"minima\":\"1\"}}},{\"nombre\":\"P.N. LINFOCITOS\",\"help\":\"\",\"choices\":[{\"edit\":false,\"name\":\"Option 1\",\"id\":0}],\"choices_select\":[],\"choices_count\":0,\"model_text\":\"\",\"model_check\":[],\"unidades\":\"%\",\"tipo\":{\"text\":\"N\u00fameros\",\"name\":\"number\",\"help\":\"Con este campo se puede dar un resultado num\u00e9rico.\"},\"referencia\":\"\",\"referencias\":{\"F\":{\"maxima\":\"40\",\"minima\":\"30\"},\"M\":{\"maxima\":\"40\",\"minima\":\"30\"}}},{\"nombre\":\"MONOCITOS\",\"help\":\"\",\"choices\":[{\"edit\":false,\"name\":\"Option 1\",\"id\":0}],\"choices_select\":[],\"choices_count\":0,\"model_text\":\"\",\"model_check\":[],\"unidades\":\"%\",\"tipo\":{\"text\":\"N\u00fameros\",\"name\":\"number\",\"help\":\"Con este campo se puede dar un resultado num\u00e9rico.\"},\"referencia\":\"\",\"referencias\":{\"F\":{\"maxima\":\"6\",\"minima\":\"3\"},\"M\":{\"maxima\":\"6\",\"minima\":\"3\"}}},{\"nombre\":\"LINFOCITOS ATIPICOS\",\"help\":\"\",\"choices\":[{\"edit\":false,\"name\":\"Option 1\",\"id\":0}],\"choices_select\":[],\"choices_count\":0,\"model_text\":\"\",\"model_check\":[],\"unidades\":\"\",\"tipo\":{\"text\":\"Texto\",\"name\":\"text\",\"help\":\"Con este campo se puede dar un resultado libre corto y conciso.\"},\"referencia\":\"\",\"referencias\":{\"F\":{\"maxima\":\"\",\"minima\":\"\"},\"M\":{\"maxima\":\"\",\"minima\":\"\"}}},{\"nombre\":\"MIELCOCITOS NEUTROFILOS\",\"help\":\"\",\"choices\":[{\"edit\":false,\"name\":\"Option 1\",\"id\":0}],\"choices_select\":[],\"choices_count\":0,\"model_text\":\"\",\"model_check\":[],\"unidades\":\"%\",\"tipo\":{\"text\":\"N\u00fameros\",\"name\":\"number\",\"help\":\"Con este campo se puede dar un resultado num\u00e9rico.\"},\"referencia\":\"\",\"referencias\":{\"F\":{\"maxima\":\"2\",\"minima\":\"1\"},\"M\":{\"maxima\":\"2\",\"minima\":\"1\"}}},{\"nombre\":\"METAMIELOCITOS DE NEUTROFILOS\",\"help\":\"\",\"choices\":[{\"edit\":false,\"name\":\"Option 1\",\"id\":0}],\"choices_select\":[],\"choices_count\":0,\"model_text\":\"\",\"model_check\":[],\"unidades\":\"%\",\"tipo\":{\"text\":\"N\u00fameros\",\"name\":\"number\",\"help\":\"Con este campo se puede dar un resultado num\u00e9rico.\"},\"referencia\":\"\",\"referencias\":{\"F\":{\"maxima\":\"2\",\"minima\":\"1\"},\"M\":{\"maxima\":\"2\",\"minima\":\"1\"}}}]", "laboratorio": 32}, "model": "laboratorios.formato", "pk": 23}, {"fields": {"formato": "[{\"nombre\":\"MARIHUANA EN ORINA\",\"help\":\"\",\"choices\":[{\"id\":2,\"nombre\":\"NEGATIVO\",\"caracteristica\":{\"id\":1,\"codigo\":\"POSITIVO/NEGATIVO\",\"descripcion\":\"POSITIVO/NEGATIVO\"},\"text\":\"NEGATIVO\"},{\"id\":1,\"nombre\":\"POSITIVO\",\"caracteristica\":{\"id\":1,\"codigo\":\"POSITIVO/NEGATIVO\",\"descripcion\":\"POSITIVO/NEGATIVO\"},\"text\":\"POSITIVO\"}],\"choices_select\":[],\"choices_count\":0,\"model_text\":\"\",\"model_check\":[],\"unidades\":\"\",\"tipo\":{\"text\":\"Caracteristicas\",\"name\":\"select\",\"help\":\"Con este campo se muestran solo las opciones a partir de una caracteristica escogida.\"},\"referencia\":\"\",\"referencias\":{\"F\":{\"maxima\":\"\",\"minima\":\"\"},\"M\":{\"maxima\":\"\",\"minima\":\"\"}}}]", "laboratorio": 18}, "model": "laboratorios.formato", "pk": 24}, {"fields": {"formato": "[{\"nombre\":\"RECUENTO DE PLAQUETAS\",\"help\":\"\",\"choices\":[{\"edit\":false,\"name\":\"Option 1\",\"id\":0}],\"choices_select\":[],\"choices_count\":0,\"model_text\":\"\",\"model_check\":[],\"unidades\":\"/mm3\",\"tipo\":{\"text\":\"N\u00fameros\",\"name\":\"number\",\"help\":\"Con este campo se puede dar un resultado num\u00e9rico.\"},\"referencia\":\"\",\"referencias\":{\"F\":{\"maxima\":\"450000\",\"minima\":\"150000\"},\"M\":{\"maxima\":\"450000\",\"minima\":\"150000\"}}}]", "laboratorio": 33}, "model": "laboratorios.formato", "pk": 25}, {"fields": {"formato": "[{\"nombre\":\"COLORACION DE GRAM\",\"help\":\"\",\"choices\":[{\"id\":45,\"nombre\":\"NO SE OBSERVAN\",\"caracteristica\":{\"id\":6,\"codigo\":\"SEMICUANTITATIVO\",\"descripcion\":\"SEMICUANTITATIVO\"},\"text\":\"NO SE OBSERVAN\"},{\"id\":44,\"nombre\":\"NEGATIVO\",\"caracteristica\":{\"id\":6,\"codigo\":\"SEMICUANTITATIVO\",\"descripcion\":\"SEMICUANTITATIVO\"},\"text\":\"NEGATIVO\"},{\"id\":43,\"nombre\":\"MODERADO\",\"caracteristica\":{\"id\":6,\"codigo\":\"SEMICUANTITATIVO\",\"descripcion\":\"SEMICUANTITATIVO\"},\"text\":\"MODERADO\"},{\"id\":42,\"nombre\":\"ESCASOS\",\"caracteristica\":{\"id\":6,\"codigo\":\"SEMICUANTITATIVO\",\"descripcion\":\"SEMICUANTITATIVO\"},\"text\":\"ESCASOS\"},{\"id\":41,\"nombre\":\"AUSENTES\",\"caracteristica\":{\"id\":6,\"codigo\":\"SEMICUANTITATIVO\",\"descripcion\":\"SEMICUANTITATIVO\"},\"text\":\"AUSENTES\"},{\"id\":40,\"nombre\":\"ABUNDANTE\",\"caracteristica\":{\"id\":6,\"codigo\":\"SEMICUANTITATIVO\",\"descripcion\":\"SEMICUANTITATIVO\"},\"text\":\"ABUNDANTE\"},{\"id\":39,\"nombre\":\"++++\",\"caracteristica\":{\"id\":6,\"codigo\":\"SEMICUANTITATIVO\",\"descripcion\":\"SEMICUANTITATIVO\"},\"text\":\"++++\"},{\"id\":38,\"nombre\":\"+++\",\"caracteristica\":{\"id\":6,\"codigo\":\"SEMICUANTITATIVO\",\"descripcion\":\"SEMICUANTITATIVO\"},\"text\":\"+++\"},{\"id\":37,\"nombre\":\"++\",\"caracteristica\":{\"id\":6,\"codigo\":\"SEMICUANTITATIVO\",\"descripcion\":\"SEMICUANTITATIVO\"},\"text\":\"++\"},{\"id\":36,\"nombre\":\"+\",\"caracteristica\":{\"id\":6,\"codigo\":\"SEMICUANTITATIVO\",\"descripcion\":\"SEMICUANTITATIVO\"},\"text\":\"+\"}],\"choices_select\":[],\"choices_count\":0,\"model_text\":\"\",\"model_check\":[],\"unidades\":\"\",\"tipo\":{\"text\":\"Caracteristicas\",\"name\":\"select\",\"help\":\"Con este campo se muestran solo las opciones a partir de una caracteristica escogida.\"},\"referencia\":\"\",\"referencias\":{\"F\":{\"maxima\":\"\",\"minima\":\"\"},\"M\":{\"maxima\":\"\",\"minima\":\"\"}}},{\"nombre\":\"REACCION LUCOCITARIA\",\"help\":\"\",\"choices\":[{\"id\":45,\"nombre\":\"NO SE OBSERVAN\",\"caracteristica\":{\"id\":6,\"codigo\":\"SEMICUANTITATIVO\",\"descripcion\":\"SEMICUANTITATIVO\"},\"text\":\"NO SE OBSERVAN\"},{\"id\":44,\"nombre\":\"NEGATIVO\",\"caracteristica\":{\"id\":6,\"codigo\":\"SEMICUANTITATIVO\",\"descripcion\":\"SEMICUANTITATIVO\"},\"text\":\"NEGATIVO\"},{\"id\":43,\"nombre\":\"MODERADO\",\"caracteristica\":{\"id\":6,\"codigo\":\"SEMICUANTITATIVO\",\"descripcion\":\"SEMICUANTITATIVO\"},\"text\":\"MODERADO\"},{\"id\":42,\"nombre\":\"ESCASOS\",\"caracteristica\":{\"id\":6,\"codigo\":\"SEMICUANTITATIVO\",\"descripcion\":\"SEMICUANTITATIVO\"},\"text\":\"ESCASOS\"},{\"id\":41,\"nombre\":\"AUSENTES\",\"caracteristica\":{\"id\":6,\"codigo\":\"SEMICUANTITATIVO\",\"descripcion\":\"SEMICUANTITATIVO\"},\"text\":\"AUSENTES\"},{\"id\":40,\"nombre\":\"ABUNDANTE\",\"caracteristica\":{\"id\":6,\"codigo\":\"SEMICUANTITATIVO\",\"descripcion\":\"SEMICUANTITATIVO\"},\"text\":\"ABUNDANTE\"},{\"id\":39,\"nombre\":\"++++\",\"caracteristica\":{\"id\":6,\"codigo\":\"SEMICUANTITATIVO\",\"descripcion\":\"SEMICUANTITATIVO\"},\"text\":\"++++\"},{\"id\":38,\"nombre\":\"+++\",\"caracteristica\":{\"id\":6,\"codigo\":\"SEMICUANTITATIVO\",\"descripcion\":\"SEMICUANTITATIVO\"},\"text\":\"+++\"},{\"id\":37,\"nombre\":\"++\",\"caracteristica\":{\"id\":6,\"codigo\":\"SEMICUANTITATIVO\",\"descripcion\":\"SEMICUANTITATIVO\"},\"text\":\"++\"},{\"id\":36,\"nombre\":\"+\",\"caracteristica\":{\"id\":6,\"codigo\":\"SEMICUANTITATIVO\",\"descripcion\":\"SEMICUANTITATIVO\"},\"text\":\"+\"}],\"choices_select\":[],\"choices_count\":0,\"model_text\":\"\",\"model_check\":[],\"unidades\":\"\",\"tipo\":{\"text\":\"Caracteristicas\",\"name\":\"select\",\"help\":\"Con este campo se muestran solo las opciones a partir de una caracteristica escogida.\"},\"referencia\":\"\",\"referencias\":{\"F\":{\"maxima\":\"\",\"minima\":\"\"},\"M\":{\"maxima\":\"\",\"minima\":\"\"}}},{\"nombre\":\"BACILOS GRAM NEGATIVOS\",\"help\":\"\",\"choices\":[{\"id\":45,\"nombre\":\"NO SE OBSERVAN\",\"caracteristica\":{\"id\":6,\"codigo\":\"SEMICUANTITATIVO\",\"descripcion\":\"SEMICUANTITATIVO\"},\"text\":\"NO SE OBSERVAN\"},{\"id\":44,\"nombre\":\"NEGATIVO\",\"caracteristica\":{\"id\":6,\"codigo\":\"SEMICUANTITATIVO\",\"descripcion\":\"SEMICUANTITATIVO\"},\"text\":\"NEGATIVO\"},{\"id\":43,\"nombre\":\"MODERADO\",\"caracteristica\":{\"id\":6,\"codigo\":\"SEMICUANTITATIVO\",\"descripcion\":\"SEMICUANTITATIVO\"},\"text\":\"MODERADO\"},{\"id\":42,\"nombre\":\"ESCASOS\",\"caracteristica\":{\"id\":6,\"codigo\":\"SEMICUANTITATIVO\",\"descripcion\":\"SEMICUANTITATIVO\"},\"text\":\"ESCASOS\"},{\"id\":41,\"nombre\":\"AUSENTES\",\"caracteristica\":{\"id\":6,\"codigo\":\"SEMICUANTITATIVO\",\"descripcion\":\"SEMICUANTITATIVO\"},\"text\":\"AUSENTES\"},{\"id\":40,\"nombre\":\"ABUNDANTE\",\"caracteristica\":{\"id\":6,\"codigo\":\"SEMICUANTITATIVO\",\"descripcion\":\"SEMICUANTITATIVO\"},\"text\":\"ABUNDANTE\"},{\"id\":39,\"nombre\":\"++++\",\"caracteristica\":{\"id\":6,\"codigo\":\"SEMICUANTITATIVO\",\"descripcion\":\"SEMICUANTITATIVO\"},\"text\":\"++++\"},{\"id\":38,\"nombre\":\"+++\",\"caracteristica\":{\"id\":6,\"codigo\":\"SEMICUANTITATIVO\",\"descripcion\":\"SEMICUANTITATIVO\"},\"text\":\"+++\"},{\"id\":37,\"nombre\":\"++\",\"caracteristica\":{\"id\":6,\"codigo\":\"SEMICUANTITATIVO\",\"descripcion\":\"SEMICUANTITATIVO\"},\"text\":\"++\"},{\"id\":36,\"nombre\":\"+\",\"caracteristica\":{\"id\":6,\"codigo\":\"SEMICUANTITATIVO\",\"descripcion\":\"SEMICUANTITATIVO\"},\"text\":\"+\"}],\"choices_select\":[],\"choices_count\":0,\"model_text\":\"\",\"model_check\":[],\"unidades\":\"\",\"tipo\":{\"text\":\"Caracteristicas\",\"name\":\"select\",\"help\":\"Con este campo se muestran solo las opciones a partir de una caracteristica escogida.\"},\"referencia\":\"\",\"referencias\":{\"F\":{\"maxima\":\"\",\"minima\":\"\"},\"M\":{\"maxima\":\"\",\"minima\":\"\"}}},{\"nombre\":\"BACILOS GRAM POSITIVOS\",\"help\":\"\",\"choices\":[{\"id\":45,\"nombre\":\"NO SE OBSERVAN\",\"caracteristica\":{\"id\":6,\"codigo\":\"SEMICUANTITATIVO\",\"descripcion\":\"SEMICUANTITATIVO\"},\"text\":\"NO SE OBSERVAN\"},{\"id\":44,\"nombre\":\"NEGATIVO\",\"caracteristica\":{\"id\":6,\"codigo\":\"SEMICUANTITATIVO\",\"descripcion\":\"SEMICUANTITATIVO\"},\"text\":\"NEGATIVO\"},{\"id\":43,\"nombre\":\"MODERADO\",\"caracteristica\":{\"id\":6,\"codigo\":\"SEMICUANTITATIVO\",\"descripcion\":\"SEMICUANTITATIVO\"},\"text\":\"MODERADO\"},{\"id\":42,\"nombre\":\"ESCASOS\",\"caracteristica\":{\"id\":6,\"codigo\":\"SEMICUANTITATIVO\",\"descripcion\":\"SEMICUANTITATIVO\"},\"text\":\"ESCASOS\"},{\"id\":41,\"nombre\":\"AUSENTES\",\"caracteristica\":{\"id\":6,\"codigo\":\"SEMICUANTITATIVO\",\"descripcion\":\"SEMICUANTITATIVO\"},\"text\":\"AUSENTES\"},{\"id\":40,\"nombre\":\"ABUNDANTE\",\"caracteristica\":{\"id\":6,\"codigo\":\"SEMICUANTITATIVO\",\"descripcion\":\"SEMICUANTITATIVO\"},\"text\":\"ABUNDANTE\"},{\"id\":39,\"nombre\":\"++++\",\"caracteristica\":{\"id\":6,\"codigo\":\"SEMICUANTITATIVO\",\"descripcion\":\"SEMICUANTITATIVO\"},\"text\":\"++++\"},{\"id\":38,\"nombre\":\"+++\",\"caracteristica\":{\"id\":6,\"codigo\":\"SEMICUANTITATIVO\",\"descripcion\":\"SEMICUANTITATIVO\"},\"text\":\"+++\"},{\"id\":37,\"nombre\":\"++\",\"caracteristica\":{\"id\":6,\"codigo\":\"SEMICUANTITATIVO\",\"descripcion\":\"SEMICUANTITATIVO\"},\"text\":\"++\"},{\"id\":36,\"nombre\":\"+\",\"caracteristica\":{\"id\":6,\"codigo\":\"SEMICUANTITATIVO\",\"descripcion\":\"SEMICUANTITATIVO\"},\"text\":\"+\"}],\"choices_select\":[],\"choices_count\":0,\"model_text\":\"\",\"model_check\":[],\"unidades\":\"\",\"tipo\":{\"text\":\"Caracteristicas\",\"name\":\"select\",\"help\":\"Con este campo se muestran solo las opciones a partir de una caracteristica escogida.\"},\"referencia\":\"\",\"referencias\":{\"F\":{\"maxima\":\"\",\"minima\":\"\"},\"M\":{\"maxima\":\"\",\"minima\":\"\"}}},{\"nombre\":\"COCOBACILOS GRAM NEGATIVOS\",\"help\":\"\",\"choices\":[{\"id\":45,\"nombre\":\"NO SE OBSERVAN\",\"caracteristica\":{\"id\":6,\"codigo\":\"SEMICUANTITATIVO\",\"descripcion\":\"SEMICUANTITATIVO\"},\"text\":\"NO SE OBSERVAN\"},{\"id\":44,\"nombre\":\"NEGATIVO\",\"caracteristica\":{\"id\":6,\"codigo\":\"SEMICUANTITATIVO\",\"descripcion\":\"SEMICUANTITATIVO\"},\"text\":\"NEGATIVO\"},{\"id\":43,\"nombre\":\"MODERADO\",\"caracteristica\":{\"id\":6,\"codigo\":\"SEMICUANTITATIVO\",\"descripcion\":\"SEMICUANTITATIVO\"},\"text\":\"MODERADO\"},{\"id\":42,\"nombre\":\"ESCASOS\",\"caracteristica\":{\"id\":6,\"codigo\":\"SEMICUANTITATIVO\",\"descripcion\":\"SEMICUANTITATIVO\"},\"text\":\"ESCASOS\"},{\"id\":41,\"nombre\":\"AUSENTES\",\"caracteristica\":{\"id\":6,\"codigo\":\"SEMICUANTITATIVO\",\"descripcion\":\"SEMICUANTITATIVO\"},\"text\":\"AUSENTES\"},{\"id\":40,\"nombre\":\"ABUNDANTE\",\"caracteristica\":{\"id\":6,\"codigo\":\"SEMICUANTITATIVO\",\"descripcion\":\"SEMICUANTITATIVO\"},\"text\":\"ABUNDANTE\"},{\"id\":39,\"nombre\":\"++++\",\"caracteristica\":{\"id\":6,\"codigo\":\"SEMICUANTITATIVO\",\"descripcion\":\"SEMICUANTITATIVO\"},\"text\":\"++++\"},{\"id\":38,\"nombre\":\"+++\",\"caracteristica\":{\"id\":6,\"codigo\":\"SEMICUANTITATIVO\",\"descripcion\":\"SEMICUANTITATIVO\"},\"text\":\"+++\"},{\"id\":37,\"nombre\":\"++\",\"caracteristica\":{\"id\":6,\"codigo\":\"SEMICUANTITATIVO\",\"descripcion\":\"SEMICUANTITATIVO\"},\"text\":\"++\"},{\"id\":36,\"nombre\":\"+\",\"caracteristica\":{\"id\":6,\"codigo\":\"SEMICUANTITATIVO\",\"descripcion\":\"SEMICUANTITATIVO\"},\"text\":\"+\"}],\"choices_select\":[],\"choices_count\":0,\"model_text\":\"\",\"model_check\":[],\"unidades\":\"\",\"tipo\":{\"text\":\"Caracteristicas\",\"name\":\"select\",\"help\":\"Con este campo se muestran solo las opciones a partir de una caracteristica escogida.\"},\"referencia\":\"\",\"referencias\":{\"F\":{\"maxima\":\"\",\"minima\":\"\"},\"M\":{\"maxima\":\"\",\"minima\":\"\"}}},{\"nombre\":\"COCOS GRAM POSITIVOS\",\"help\":\"\",\"choices\":[{\"id\":45,\"nombre\":\"NO SE OBSERVAN\",\"caracteristica\":{\"id\":6,\"codigo\":\"SEMICUANTITATIVO\",\"descripcion\":\"SEMICUANTITATIVO\"},\"text\":\"NO SE OBSERVAN\"},{\"id\":44,\"nombre\":\"NEGATIVO\",\"caracteristica\":{\"id\":6,\"codigo\":\"SEMICUANTITATIVO\",\"descripcion\":\"SEMICUANTITATIVO\"},\"text\":\"NEGATIVO\"},{\"id\":43,\"nombre\":\"MODERADO\",\"caracteristica\":{\"id\":6,\"codigo\":\"SEMICUANTITATIVO\",\"descripcion\":\"SEMICUANTITATIVO\"},\"text\":\"MODERADO\"},{\"id\":42,\"nombre\":\"ESCASOS\",\"caracteristica\":{\"id\":6,\"codigo\":\"SEMICUANTITATIVO\",\"descripcion\":\"SEMICUANTITATIVO\"},\"text\":\"ESCASOS\"},{\"id\":41,\"nombre\":\"AUSENTES\",\"caracteristica\":{\"id\":6,\"codigo\":\"SEMICUANTITATIVO\",\"descripcion\":\"SEMICUANTITATIVO\"},\"text\":\"AUSENTES\"},{\"id\":40,\"nombre\":\"ABUNDANTE\",\"caracteristica\":{\"id\":6,\"codigo\":\"SEMICUANTITATIVO\",\"descripcion\":\"SEMICUANTITATIVO\"},\"text\":\"ABUNDANTE\"},{\"id\":39,\"nombre\":\"++++\",\"caracteristica\":{\"id\":6,\"codigo\":\"SEMICUANTITATIVO\",\"descripcion\":\"SEMICUANTITATIVO\"},\"text\":\"++++\"},{\"id\":38,\"nombre\":\"+++\",\"caracteristica\":{\"id\":6,\"codigo\":\"SEMICUANTITATIVO\",\"descripcion\":\"SEMICUANTITATIVO\"},\"text\":\"+++\"},{\"id\":37,\"nombre\":\"++\",\"caracteristica\":{\"id\":6,\"codigo\":\"SEMICUANTITATIVO\",\"descripcion\":\"SEMICUANTITATIVO\"},\"text\":\"++\"},{\"id\":36,\"nombre\":\"+\",\"caracteristica\":{\"id\":6,\"codigo\":\"SEMICUANTITATIVO\",\"descripcion\":\"SEMICUANTITATIVO\"},\"text\":\"+\"}],\"choices_select\":[],\"choices_count\":0,\"model_text\":\"\",\"model_check\":[],\"unidades\":\"\",\"tipo\":{\"text\":\"Caracteristicas\",\"name\":\"select\",\"help\":\"Con este campo se muestran solo las opciones a partir de una caracteristica escogida.\"},\"referencia\":\"\",\"referencias\":{\"F\":{\"maxima\":\"\",\"minima\":\"\"},\"M\":{\"maxima\":\"\",\"minima\":\"\"}}},{\"nombre\":\"BACILOS GRAM POSITIVOS TIPO CORINEBATERIOS\",\"help\":\"\",\"choices\":[{\"id\":45,\"nombre\":\"NO SE OBSERVAN\",\"caracteristica\":{\"id\":6,\"codigo\":\"SEMICUANTITATIVO\",\"descripcion\":\"SEMICUANTITATIVO\"},\"text\":\"NO SE OBSERVAN\"},{\"id\":44,\"nombre\":\"NEGATIVO\",\"caracteristica\":{\"id\":6,\"codigo\":\"SEMICUANTITATIVO\",\"descripcion\":\"SEMICUANTITATIVO\"},\"text\":\"NEGATIVO\"},{\"id\":43,\"nombre\":\"MODERADO\",\"caracteristica\":{\"id\":6,\"codigo\":\"SEMICUANTITATIVO\",\"descripcion\":\"SEMICUANTITATIVO\"},\"text\":\"MODERADO\"},{\"id\":42,\"nombre\":\"ESCASOS\",\"caracteristica\":{\"id\":6,\"codigo\":\"SEMICUANTITATIVO\",\"descripcion\":\"SEMICUANTITATIVO\"},\"text\":\"ESCASOS\"},{\"id\":41,\"nombre\":\"AUSENTES\",\"caracteristica\":{\"id\":6,\"codigo\":\"SEMICUANTITATIVO\",\"descripcion\":\"SEMICUANTITATIVO\"},\"text\":\"AUSENTES\"},{\"id\":40,\"nombre\":\"ABUNDANTE\",\"caracteristica\":{\"id\":6,\"codigo\":\"SEMICUANTITATIVO\",\"descripcion\":\"SEMICUANTITATIVO\"},\"text\":\"ABUNDANTE\"},{\"id\":39,\"nombre\":\"++++\",\"caracteristica\":{\"id\":6,\"codigo\":\"SEMICUANTITATIVO\",\"descripcion\":\"SEMICUANTITATIVO\"},\"text\":\"++++\"},{\"id\":38,\"nombre\":\"+++\",\"caracteristica\":{\"id\":6,\"codigo\":\"SEMICUANTITATIVO\",\"descripcion\":\"SEMICUANTITATIVO\"},\"text\":\"+++\"},{\"id\":37,\"nombre\":\"++\",\"caracteristica\":{\"id\":6,\"codigo\":\"SEMICUANTITATIVO\",\"descripcion\":\"SEMICUANTITATIVO\"},\"text\":\"++\"},{\"id\":36,\"nombre\":\"+\",\"caracteristica\":{\"id\":6,\"codigo\":\"SEMICUANTITATIVO\",\"descripcion\":\"SEMICUANTITATIVO\"},\"text\":\"+\"}],\"choices_select\":[],\"choices_count\":0,\"model_text\":\"\",\"model_check\":[],\"unidades\":\"\",\"tipo\":{\"text\":\"Caracteristicas\",\"name\":\"select\",\"help\":\"Con este campo se muestran solo las opciones a partir de una caracteristica escogida.\"},\"referencia\":\"\",\"referencias\":{\"F\":{\"maxima\":\"\",\"minima\":\"\"},\"M\":{\"maxima\":\"\",\"minima\":\"\"}}},{\"nombre\":\"COCOBACILOS GRAM (-) COMPATIBLES GARDNERELLA VAQ\",\"help\":\"\",\"choices\":[{\"id\":45,\"nombre\":\"NO SE OBSERVAN\",\"caracteristica\":{\"id\":6,\"codigo\":\"SEMICUANTITATIVO\",\"descripcion\":\"SEMICUANTITATIVO\"},\"text\":\"NO SE OBSERVAN\"},{\"id\":44,\"nombre\":\"NEGATIVO\",\"caracteristica\":{\"id\":6,\"codigo\":\"SEMICUANTITATIVO\",\"descripcion\":\"SEMICUANTITATIVO\"},\"text\":\"NEGATIVO\"},{\"id\":43,\"nombre\":\"MODERADO\",\"caracteristica\":{\"id\":6,\"codigo\":\"SEMICUANTITATIVO\",\"descripcion\":\"SEMICUANTITATIVO\"},\"text\":\"MODERADO\"},{\"id\":42,\"nombre\":\"ESCASOS\",\"caracteristica\":{\"id\":6,\"codigo\":\"SEMICUANTITATIVO\",\"descripcion\":\"SEMICUANTITATIVO\"},\"text\":\"ESCASOS\"},{\"id\":41,\"nombre\":\"AUSENTES\",\"caracteristica\":{\"id\":6,\"codigo\":\"SEMICUANTITATIVO\",\"descripcion\":\"SEMICUANTITATIVO\"},\"text\":\"AUSENTES\"},{\"id\":40,\"nombre\":\"ABUNDANTE\",\"caracteristica\":{\"id\":6,\"codigo\":\"SEMICUANTITATIVO\",\"descripcion\":\"SEMICUANTITATIVO\"},\"text\":\"ABUNDANTE\"},{\"id\":39,\"nombre\":\"++++\",\"caracteristica\":{\"id\":6,\"codigo\":\"SEMICUANTITATIVO\",\"descripcion\":\"SEMICUANTITATIVO\"},\"text\":\"++++\"},{\"id\":38,\"nombre\":\"+++\",\"caracteristica\":{\"id\":6,\"codigo\":\"SEMICUANTITATIVO\",\"descripcion\":\"SEMICUANTITATIVO\"},\"text\":\"+++\"},{\"id\":37,\"nombre\":\"++\",\"caracteristica\":{\"id\":6,\"codigo\":\"SEMICUANTITATIVO\",\"descripcion\":\"SEMICUANTITATIVO\"},\"text\":\"++\"},{\"id\":36,\"nombre\":\"+\",\"caracteristica\":{\"id\":6,\"codigo\":\"SEMICUANTITATIVO\",\"descripcion\":\"SEMICUANTITATIVO\"},\"text\":\"+\"}],\"choices_select\":[],\"choices_count\":0,\"model_text\":\"\",\"model_check\":[],\"unidades\":\"\",\"tipo\":{\"text\":\"Caracteristicas\",\"name\":\"select\",\"help\":\"Con este campo se muestran solo las opciones a partir de una caracteristica escogida.\"},\"referencia\":\"\",\"referencias\":{\"F\":{\"maxima\":\"\",\"minima\":\"\"},\"M\":{\"maxima\":\"\",\"minima\":\"\"}}},{\"nombre\":\"DIPLOCOCO GRAM (-) EXTRACELULARES\",\"help\":\"\",\"choices\":[{\"id\":45,\"nombre\":\"NO SE OBSERVAN\",\"caracteristica\":{\"id\":6,\"codigo\":\"SEMICUANTITATIVO\",\"descripcion\":\"SEMICUANTITATIVO\"},\"text\":\"NO SE OBSERVAN\"},{\"id\":44,\"nombre\":\"NEGATIVO\",\"caracteristica\":{\"id\":6,\"codigo\":\"SEMICUANTITATIVO\",\"descripcion\":\"SEMICUANTITATIVO\"},\"text\":\"NEGATIVO\"},{\"id\":43,\"nombre\":\"MODERADO\",\"caracteristica\":{\"id\":6,\"codigo\":\"SEMICUANTITATIVO\",\"descripcion\":\"SEMICUANTITATIVO\"},\"text\":\"MODERADO\"},{\"id\":42,\"nombre\":\"ESCASOS\",\"caracteristica\":{\"id\":6,\"codigo\":\"SEMICUANTITATIVO\",\"descripcion\":\"SEMICUANTITATIVO\"},\"text\":\"ESCASOS\"},{\"id\":41,\"nombre\":\"AUSENTES\",\"caracteristica\":{\"id\":6,\"codigo\":\"SEMICUANTITATIVO\",\"descripcion\":\"SEMICUANTITATIVO\"},\"text\":\"AUSENTES\"},{\"id\":40,\"nombre\":\"ABUNDANTE\",\"caracteristica\":{\"id\":6,\"codigo\":\"SEMICUANTITATIVO\",\"descripcion\":\"SEMICUANTITATIVO\"},\"text\":\"ABUNDANTE\"},{\"id\":39,\"nombre\":\"++++\",\"caracteristica\":{\"id\":6,\"codigo\":\"SEMICUANTITATIVO\",\"descripcion\":\"SEMICUANTITATIVO\"},\"text\":\"++++\"},{\"id\":38,\"nombre\":\"+++\",\"caracteristica\":{\"id\":6,\"codigo\":\"SEMICUANTITATIVO\",\"descripcion\":\"SEMICUANTITATIVO\"},\"text\":\"+++\"},{\"id\":37,\"nombre\":\"++\",\"caracteristica\":{\"id\":6,\"codigo\":\"SEMICUANTITATIVO\",\"descripcion\":\"SEMICUANTITATIVO\"},\"text\":\"++\"},{\"id\":36,\"nombre\":\"+\",\"caracteristica\":{\"id\":6,\"codigo\":\"SEMICUANTITATIVO\",\"descripcion\":\"SEMICUANTITATIVO\"},\"text\":\"+\"}],\"choices_select\":[],\"choices_count\":0,\"model_text\":\"\",\"model_check\":[],\"unidades\":\"\",\"tipo\":{\"text\":\"Caracteristicas\",\"name\":\"select\",\"help\":\"Con este campo se muestran solo las opciones a partir de una caracteristica escogida.\"},\"referencia\":\"\",\"referencias\":{\"F\":{\"maxima\":\"\",\"minima\":\"\"},\"M\":{\"maxima\":\"\",\"minima\":\"\"}}},{\"nombre\":\"DIPLOCOCO GRAM (-) INTRACELULARES\",\"help\":\"\",\"choices\":[{\"id\":45,\"nombre\":\"NO SE OBSERVAN\",\"caracteristica\":{\"id\":6,\"codigo\":\"SEMICUANTITATIVO\",\"descripcion\":\"SEMICUANTITATIVO\"},\"text\":\"NO SE OBSERVAN\"},{\"id\":44,\"nombre\":\"NEGATIVO\",\"caracteristica\":{\"id\":6,\"codigo\":\"SEMICUANTITATIVO\",\"descripcion\":\"SEMICUANTITATIVO\"},\"text\":\"NEGATIVO\"},{\"id\":43,\"nombre\":\"MODERADO\",\"caracteristica\":{\"id\":6,\"codigo\":\"SEMICUANTITATIVO\",\"descripcion\":\"SEMICUANTITATIVO\"},\"text\":\"MODERADO\"},{\"id\":42,\"nombre\":\"ESCASOS\",\"caracteristica\":{\"id\":6,\"codigo\":\"SEMICUANTITATIVO\",\"descripcion\":\"SEMICUANTITATIVO\"},\"text\":\"ESCASOS\"},{\"id\":41,\"nombre\":\"AUSENTES\",\"caracteristica\":{\"id\":6,\"codigo\":\"SEMICUANTITATIVO\",\"descripcion\":\"SEMICUANTITATIVO\"},\"text\":\"AUSENTES\"},{\"id\":40,\"nombre\":\"ABUNDANTE\",\"caracteristica\":{\"id\":6,\"codigo\":\"SEMICUANTITATIVO\",\"descripcion\":\"SEMICUANTITATIVO\"},\"text\":\"ABUNDANTE\"},{\"id\":39,\"nombre\":\"++++\",\"caracteristica\":{\"id\":6,\"codigo\":\"SEMICUANTITATIVO\",\"descripcion\":\"SEMICUANTITATIVO\"},\"text\":\"++++\"},{\"id\":38,\"nombre\":\"+++\",\"caracteristica\":{\"id\":6,\"codigo\":\"SEMICUANTITATIVO\",\"descripcion\":\"SEMICUANTITATIVO\"},\"text\":\"+++\"},{\"id\":37,\"nombre\":\"++\",\"caracteristica\":{\"id\":6,\"codigo\":\"SEMICUANTITATIVO\",\"descripcion\":\"SEMICUANTITATIVO\"},\"text\":\"++\"},{\"id\":36,\"nombre\":\"+\",\"caracteristica\":{\"id\":6,\"codigo\":\"SEMICUANTITATIVO\",\"descripcion\":\"SEMICUANTITATIVO\"},\"text\":\"+\"}],\"choices_select\":[],\"choices_count\":0,\"model_text\":\"\",\"model_check\":[],\"unidades\":\"\",\"tipo\":{\"text\":\"Caracteristicas\",\"name\":\"select\",\"help\":\"Con este campo se muestran solo las opciones a partir de una caracteristica escogida.\"},\"referencia\":\"\",\"referencias\":{\"F\":{\"maxima\":\"\",\"minima\":\"\"},\"M\":{\"maxima\":\"\",\"minima\":\"\"}}},{\"nombre\":\"LACTOBACILOS DE DODERLEIN\",\"help\":\"\",\"choices\":[{\"id\":45,\"nombre\":\"NO SE OBSERVAN\",\"caracteristica\":{\"id\":6,\"codigo\":\"SEMICUANTITATIVO\",\"descripcion\":\"SEMICUANTITATIVO\"},\"text\":\"NO SE OBSERVAN\"},{\"id\":44,\"nombre\":\"NEGATIVO\",\"caracteristica\":{\"id\":6,\"codigo\":\"SEMICUANTITATIVO\",\"descripcion\":\"SEMICUANTITATIVO\"},\"text\":\"NEGATIVO\"},{\"id\":43,\"nombre\":\"MODERADO\",\"caracteristica\":{\"id\":6,\"codigo\":\"SEMICUANTITATIVO\",\"descripcion\":\"SEMICUANTITATIVO\"},\"text\":\"MODERADO\"},{\"id\":42,\"nombre\":\"ESCASOS\",\"caracteristica\":{\"id\":6,\"codigo\":\"SEMICUANTITATIVO\",\"descripcion\":\"SEMICUANTITATIVO\"},\"text\":\"ESCASOS\"},{\"id\":41,\"nombre\":\"AUSENTES\",\"caracteristica\":{\"id\":6,\"codigo\":\"SEMICUANTITATIVO\",\"descripcion\":\"SEMICUANTITATIVO\"},\"text\":\"AUSENTES\"},{\"id\":40,\"nombre\":\"ABUNDANTE\",\"caracteristica\":{\"id\":6,\"codigo\":\"SEMICUANTITATIVO\",\"descripcion\":\"SEMICUANTITATIVO\"},\"text\":\"ABUNDANTE\"},{\"id\":39,\"nombre\":\"++++\",\"caracteristica\":{\"id\":6,\"codigo\":\"SEMICUANTITATIVO\",\"descripcion\":\"SEMICUANTITATIVO\"},\"text\":\"++++\"},{\"id\":38,\"nombre\":\"+++\",\"caracteristica\":{\"id\":6,\"codigo\":\"SEMICUANTITATIVO\",\"descripcion\":\"SEMICUANTITATIVO\"},\"text\":\"+++\"},{\"id\":37,\"nombre\":\"++\",\"caracteristica\":{\"id\":6,\"codigo\":\"SEMICUANTITATIVO\",\"descripcion\":\"SEMICUANTITATIVO\"},\"text\":\"++\"},{\"id\":36,\"nombre\":\"+\",\"caracteristica\":{\"id\":6,\"codigo\":\"SEMICUANTITATIVO\",\"descripcion\":\"SEMICUANTITATIVO\"},\"text\":\"+\"}],\"choices_select\":[],\"choices_count\":0,\"model_text\":\"\",\"model_check\":[],\"unidades\":\"\",\"tipo\":{\"text\":\"Caracteristicas\",\"name\":\"select\",\"help\":\"Con este campo se muestran solo las opciones a partir de una caracteristica escogida.\"},\"referencia\":\"\",\"referencias\":{\"F\":{\"maxima\":\"\",\"minima\":\"\"},\"M\":{\"maxima\":\"\",\"minima\":\"\"}}}]", "laboratorio": 34}, "model": "laboratorios.formato", "pk": 26}, {"fields": {"formato": "[{\"nombre\":\"TIEMPO DE COAGULACION\",\"help\":\"\",\"choices\":[{\"edit\":false,\"name\":\"Option 1\",\"id\":0}],\"choices_select\":[],\"choices_count\":0,\"model_text\":\"\",\"model_check\":[],\"unidades\":\"minutos\",\"tipo\":{\"text\":\"N\u00fameros\",\"name\":\"number\",\"help\":\"Con este campo se puede dar un resultado num\u00e9rico.\"},\"referencia\":\"\",\"referencias\":{\"F\":{\"maxima\":\"10\",\"minima\":\"5\"},\"M\":{\"maxima\":\"10\",\"minima\":\"5\"}}}]", "laboratorio": 35}, "model": "laboratorios.formato", "pk": 27}, {"fields": {"formato": "[{\"nombre\":\"NIVEL SERICO DE ALANINO AMINO TRANSFERASA (GPT)\",\"help\":\"\",\"choices\":[{\"edit\":false,\"name\":\"Option 1\",\"id\":0}],\"choices_select\":[],\"choices_count\":0,\"model_text\":\"\",\"model_check\":[],\"unidades\":\"U/L\",\"tipo\":{\"text\":\"N\u00fameros\",\"name\":\"number\",\"help\":\"Con este campo se puede dar un resultado num\u00e9rico.\"},\"referencia\":\"\",\"referencias\":{\"F\":{\"maxima\":\"41\",\"minima\":\"0\"},\"M\":{\"maxima\":\"41\",\"minima\":\"0\"}}}]", "laboratorio": 36}, "model": "laboratorios.formato", "pk": 28}, {"fields": {"formato": "[{\"nombre\":\"NIVEL SERICO DE ASPARTATO AMINOTRASFERASA (GOT)\",\"help\":\"\",\"choices\":[{\"edit\":false,\"name\":\"Option 1\",\"id\":0}],\"choices_select\":[],\"choices_count\":0,\"model_text\":\"\",\"model_check\":[],\"unidades\":\"U/L\",\"tipo\":{\"text\":\"N\u00fameros\",\"name\":\"number\",\"help\":\"Con este campo se puede dar un resultado num\u00e9rico.\"},\"referencia\":\"\",\"referencias\":{\"F\":{\"maxima\":\"40\",\"minima\":\"0\"},\"M\":{\"maxima\":\"40\",\"minima\":\"0\"}}}]", "laboratorio": 37}, "model": "laboratorios.formato", "pk": 29}, {"fields": {"formato": "[{\"nombre\":\"VDRL SEROLOGOGIA\",\"help\":\"\",\"choices\":[{\"id\":67,\"nombre\":\"REACTIVA (8DILS)\",\"caracteristica\":{\"id\":10,\"codigo\":\"REACTIVIDAD\",\"descripcion\":\"REACTIVIDAD\"},\"text\":\"REACTIVA (8DILS)\"},{\"id\":66,\"nombre\":\"REACTIVA (4DILS)\",\"caracteristica\":{\"id\":10,\"codigo\":\"REACTIVIDAD\",\"descripcion\":\"REACTIVIDAD\"},\"text\":\"REACTIVA (4DILS)\"},{\"id\":65,\"nombre\":\"REACTIVA (3DILS)\",\"caracteristica\":{\"id\":10,\"codigo\":\"REACTIVIDAD\",\"descripcion\":\"REACTIVIDAD\"},\"text\":\"REACTIVA (3DILS)\"},{\"id\":64,\"nombre\":\"REACTIVA (2DILS)\",\"caracteristica\":{\"id\":10,\"codigo\":\"REACTIVIDAD\",\"descripcion\":\"REACTIVIDAD\"},\"text\":\"REACTIVA (2DILS)\"},{\"id\":63,\"nombre\":\"REACTIVA (16DILS)\",\"caracteristica\":{\"id\":10,\"codigo\":\"REACTIVIDAD\",\"descripcion\":\"REACTIVIDAD\"},\"text\":\"REACTIVA (16DILS)\"},{\"id\":62,\"nombre\":\"REACTIVA (1DILS)\",\"caracteristica\":{\"id\":10,\"codigo\":\"REACTIVIDAD\",\"descripcion\":\"REACTIVIDAD\"},\"text\":\"REACTIVA (1DILS)\"},{\"id\":61,\"nombre\":\"REACTIVA\",\"caracteristica\":{\"id\":10,\"codigo\":\"REACTIVIDAD\",\"descripcion\":\"REACTIVIDAD\"},\"text\":\"REACTIVA\"},{\"id\":60,\"nombre\":\"NO REACTIVA\",\"caracteristica\":{\"id\":10,\"codigo\":\"REACTIVIDAD\",\"descripcion\":\"REACTIVIDAD\"},\"text\":\"NO REACTIVA\"}],\"choices_select\":[],\"choices_count\":0,\"model_text\":\"\",\"model_check\":[],\"unidades\":\"\",\"tipo\":{\"text\":\"Caracteristicas\",\"name\":\"select\",\"help\":\"Con este campo se muestran solo las opciones a partir de una caracteristica escogida.\"},\"referencia\":\"\",\"referencias\":{\"F\":{\"maxima\":\"\",\"minima\":\"\"},\"M\":{\"maxima\":\"\",\"minima\":\"\"}}}]", "laboratorio": 22}, "model": "laboratorios.formato", "pk": 30}, {"fields": {"formato": "[{\"nombre\":\"A - ERITROGRAMA -\",\"help\":\"\",\"choices\":[{\"edit\":false,\"name\":\"Option 1\",\"id\":0}],\"choices_select\":[],\"choices_count\":0,\"model_text\":\"\",\"model_check\":[],\"unidades\":\"\",\"tipo\":{\"text\":\"Titulo\",\"name\":\"title\",\"help\":\"Con este campo se crear\u00e1 un titulo, el cual servir\u00e1 de separador.\"},\"referencia\":\"\",\"referencias\":{\"F\":{\"maxima\":\"\",\"minima\":\"\"},\"M\":{\"maxima\":\"\",\"minima\":\"\"}}},{\"nombre\":\"HEMOGLOBINA\",\"help\":\"\",\"choices\":[{\"edit\":false,\"name\":\"Option 1\",\"id\":0}],\"choices_select\":[],\"choices_count\":0,\"model_text\":\"\",\"model_check\":[],\"unidades\":\"gr/dl\",\"tipo\":{\"text\":\"N\u00fameros\",\"name\":\"number\",\"help\":\"Con este campo se puede dar un resultado num\u00e9rico.\"},\"referencia\":\"\",\"referencias\":{\"F\":{\"maxima\":\"15.0\",\"minima\":\"11.0\"},\"M\":{\"maxima\":\"16.5\",\"minima\":\"14.5\"}}},{\"nombre\":\"HEMATOCRITO\",\"help\":\"\",\"choices\":[{\"edit\":false,\"name\":\"Option 1\",\"id\":0}],\"choices_select\":[],\"choices_count\":0,\"model_text\":\"\",\"model_check\":[],\"unidades\":\"%\",\"tipo\":{\"text\":\"N\u00fameros\",\"name\":\"number\",\"help\":\"Con este campo se puede dar un resultado num\u00e9rico.\"},\"referencia\":\"\",\"referencias\":{\"F\":{\"maxima\":\"42\",\"minima\":\"34\"},\"M\":{\"maxima\":\"43\",\"minima\":\"31\"}}},{\"nombre\":\"ERITROCITOS\",\"help\":\"\",\"choices\":[{\"edit\":false,\"name\":\"Option 1\",\"id\":0}],\"choices_select\":[],\"choices_count\":0,\"model_text\":\"\",\"model_check\":[],\"unidades\":\"/mm3\",\"tipo\":{\"text\":\"N\u00fameros\",\"name\":\"number\",\"help\":\"Con este campo se puede dar un resultado num\u00e9rico.\"},\"referencia\":\"\",\"referencias\":{\"F\":{\"maxima\":\"5000\",\"minima\":\"4000\"},\"M\":{\"maxima\":\"5100\",\"minima\":\"3900\"}}},{\"nombre\":\"PROMEDIO DE VOLUMEN CORPUSCULAR (PVC)\",\"help\":\"\",\"choices\":[{\"edit\":false,\"name\":\"Option 1\",\"id\":0}],\"choices_select\":[],\"choices_count\":0,\"model_text\":\"\",\"model_check\":[],\"unidades\":\"um3\",\"tipo\":{\"text\":\"N\u00fameros\",\"name\":\"number\",\"help\":\"Con este campo se puede dar un resultado num\u00e9rico.\"},\"referencia\":\"\",\"referencias\":{\"F\":{\"maxima\":\"97\",\"minima\":\"80\"},\"M\":{\"maxima\":\"97\",\"minima\":\"80\"}}},{\"nombre\":\"PROMEDIO DE HEMOGLOBINA CORPUSCULAR (PHC)\",\"help\":\"\",\"choices\":[{\"edit\":false,\"name\":\"Option 1\",\"id\":0}],\"choices_select\":[],\"choices_count\":0,\"model_text\":\"\",\"model_check\":[],\"unidades\":\"pq\",\"tipo\":{\"text\":\"N\u00fameros\",\"name\":\"number\",\"help\":\"Con este campo se puede dar un resultado num\u00e9rico.\"},\"referencia\":\"\",\"referencias\":{\"F\":{\"maxima\":\"33.5\",\"minima\":\"26.5\"},\"M\":{\"maxima\":\"33.5\",\"minima\":\"26.5\"}}},{\"nombre\":\"PROMEDIO DE CONCENTRACION DE LA HEMOGLOBINA (PCHC)\",\"help\":\"\",\"choices\":[{\"edit\":false,\"name\":\"Option 1\",\"id\":0}],\"choices_select\":[],\"choices_count\":0,\"model_text\":\"\",\"model_check\":[],\"unidades\":\"gr/dl\",\"tipo\":{\"text\":\"N\u00fameros\",\"name\":\"number\",\"help\":\"Con este campo se puede dar un resultado num\u00e9rico.\"},\"referencia\":\"\",\"referencias\":{\"F\":{\"maxima\":\"38\",\"minima\":\"31\"},\"M\":{\"maxima\":\"38\",\"minima\":\"31\"}}},{\"nombre\":\"B - LEUCOGRAMA -\",\"help\":\"\",\"choices\":[{\"edit\":false,\"name\":\"Option 1\",\"id\":0}],\"choices_select\":[],\"choices_count\":0,\"model_text\":\"\",\"model_check\":[],\"unidades\":\"\",\"tipo\":{\"text\":\"Titulo\",\"name\":\"title\",\"help\":\"Con este campo se crear\u00e1 un titulo, el cual servir\u00e1 de separador.\"},\"referencia\":\"\",\"referencias\":{\"F\":{\"maxima\":\"\",\"minima\":\"\"},\"M\":{\"maxima\":\"\",\"minima\":\"\"}}},{\"nombre\":\"RECUENTO DE LEUCOCITOS\",\"help\":\"\",\"choices\":[{\"edit\":false,\"name\":\"Option 1\",\"id\":0}],\"choices_select\":[],\"choices_count\":0,\"model_text\":\"\",\"model_check\":[],\"unidades\":\"/mm3\",\"tipo\":{\"text\":\"N\u00fameros\",\"name\":\"number\",\"help\":\"Con este campo se puede dar un resultado num\u00e9rico.\"},\"referencia\":\"\",\"referencias\":{\"F\":{\"maxima\":\"10.0\",\"minima\":\"5.0\"},\"M\":{\"maxima\":\"10.0\",\"minima\":\"5.0\"}}},{\"nombre\":\"P.N NEUTROFILOS\",\"help\":\"\",\"choices\":[{\"edit\":false,\"name\":\"Option 1\",\"id\":0}],\"choices_select\":[],\"choices_count\":0,\"model_text\":\"\",\"model_check\":[],\"unidades\":\"%\",\"tipo\":{\"text\":\"N\u00fameros\",\"name\":\"number\",\"help\":\"Con este campo se puede dar un resultado num\u00e9rico.\"},\"referencia\":\"\",\"referencias\":{\"F\":{\"maxima\":\"65\",\"minima\":\"43\"},\"M\":{\"maxima\":\"65\",\"minima\":\"43\"}}},{\"nombre\":\"P.N EOSINOFILOS\",\"help\":\"\",\"choices\":[{\"edit\":false,\"name\":\"Option 1\",\"id\":0}],\"choices_select\":[],\"choices_count\":0,\"model_text\":\"\",\"model_check\":[],\"unidades\":\"%\",\"tipo\":{\"text\":\"N\u00fameros\",\"name\":\"number\",\"help\":\"Con este campo se puede dar un resultado num\u00e9rico.\"},\"referencia\":\"\",\"referencias\":{\"F\":{\"maxima\":\"5\",\"minima\":\"1\"},\"M\":{\"maxima\":\"5\",\"minima\":\"1\"}}},{\"nombre\":\"P.N BASOFILOS\",\"help\":\"\",\"choices\":[{\"edit\":false,\"name\":\"Option 1\",\"id\":0}],\"choices_select\":[],\"choices_count\":0,\"model_text\":\"\",\"model_check\":[],\"unidades\":\"%\",\"tipo\":{\"text\":\"N\u00fameros\",\"name\":\"number\",\"help\":\"Con este campo se puede dar un resultado num\u00e9rico.\"},\"referencia\":\"\",\"referencias\":{\"F\":{\"maxima\":\"2\",\"minima\":\"1\"},\"M\":{\"maxima\":\"2\",\"minima\":\"1\"}}},{\"nombre\":\"BANDAS O CAYADOS\",\"help\":\"\",\"choices\":[{\"edit\":false,\"name\":\"Option 1\",\"id\":0}],\"choices_select\":[],\"choices_count\":0,\"model_text\":\"\",\"model_check\":[],\"unidades\":\"%\",\"tipo\":{\"text\":\"N\u00fameros\",\"name\":\"number\",\"help\":\"Con este campo se puede dar un resultado num\u00e9rico.\"},\"referencia\":\"\",\"referencias\":{\"F\":{\"maxima\":\"5\",\"minima\":\"1\"},\"M\":{\"maxima\":\"5\",\"minima\":\"1\"}}},{\"nombre\":\"LINFOCITOS\",\"help\":\"\",\"choices\":[{\"edit\":false,\"name\":\"Option 1\",\"id\":0}],\"choices_select\":[],\"choices_count\":0,\"model_text\":\"\",\"model_check\":[],\"unidades\":\"%\",\"tipo\":{\"text\":\"N\u00fameros\",\"name\":\"number\",\"help\":\"Con este campo se puede dar un resultado num\u00e9rico.\"},\"referencia\":\"\",\"referencias\":{\"F\":{\"maxima\":\"40\",\"minima\":\"30\"},\"M\":{\"maxima\":\"40\",\"minima\":\"30\"}}},{\"nombre\":\"MONOCITOS\",\"help\":\"\",\"choices\":[{\"edit\":false,\"name\":\"Option 1\",\"id\":0}],\"choices_select\":[],\"choices_count\":0,\"model_text\":\"\",\"model_check\":[],\"unidades\":\"%\",\"tipo\":{\"text\":\"N\u00fameros\",\"name\":\"number\",\"help\":\"Con este campo se puede dar un resultado num\u00e9rico.\"},\"referencia\":\"\",\"referencias\":{\"F\":{\"maxima\":\"6\",\"minima\":\"3\"},\"M\":{\"maxima\":\"6\",\"minima\":\"3\"}}}]", "laboratorio": 28}, "model": "laboratorios.formato", "pk": 31}, {"fields": {"formato": "[{\"referencias\":{\"M\":{\"minima\":\"\",\"maxima\":\"\"},\"F\":{\"minima\":\"\",\"maxima\":\"\"}},\"referencia\":\"\",\"help\":\"\",\"tipo\":{\"text\":\"Titulo\",\"name\":\"title\",\"help\":\"Con este campo se crear\u00e1 un titulo, el cual servir\u00e1 de separador.\"},\"choices_select\":[],\"choices\":[{\"edit\":false,\"name\":\"Option 1\",\"id\":0}],\"choices_count\":0,\"model_check\":[],\"nombre\":\"A - ERITROGRAMA -\",\"unidades\":\"\",\"model_text\":\"\"},{\"referencias\":{\"M\":{\"minima\":\"14.5\",\"maxima\":\"16.5\"},\"F\":{\"minima\":\"11.0\",\"maxima\":\"15.0\"}},\"referencia\":\"\",\"help\":\"\",\"tipo\":{\"text\":\"N\u00fameros\",\"name\":\"number\",\"help\":\"Con este campo se puede dar un resultado num\u00e9rico.\"},\"choices_select\":[],\"choices\":[{\"edit\":false,\"name\":\"Option 1\",\"id\":0}],\"choices_count\":0,\"model_check\":[],\"nombre\":\"HEMOGLOBINA\",\"unidades\":\"gr/dl\",\"model_text\":\"\"},{\"referencias\":{\"M\":{\"minima\":\"31\",\"maxima\":\"43\"},\"F\":{\"minima\":\"34\",\"maxima\":\"42\"}},\"referencia\":\"\",\"help\":\"\",\"tipo\":{\"text\":\"N\u00fameros\",\"name\":\"number\",\"help\":\"Con este campo se puede dar un resultado num\u00e9rico.\"},\"choices_select\":[],\"choices\":[{\"edit\":false,\"name\":\"Option 1\",\"id\":0}],\"choices_count\":0,\"model_check\":[],\"nombre\":\"HEMATOCRITO\",\"unidades\":\"%\",\"model_text\":\"\"},{\"referencias\":{\"M\":{\"minima\":\"3900\",\"maxima\":\"5100\"},\"F\":{\"minima\":\"4000\",\"maxima\":\"5000\"}},\"referencia\":\"\",\"help\":\"\",\"tipo\":{\"text\":\"N\u00fameros\",\"name\":\"number\",\"help\":\"Con este campo se puede dar un resultado num\u00e9rico.\"},\"choices_select\":[],\"choices\":[{\"edit\":false,\"name\":\"Option 1\",\"id\":0}],\"choices_count\":0,\"model_check\":[],\"nombre\":\"ERITROCITOS\",\"unidades\":\"/mm3\",\"model_text\":\"\"},{\"referencias\":{\"M\":{\"minima\":\"80\",\"maxima\":\"97\"},\"F\":{\"minima\":\"80\",\"maxima\":\"97\"}},\"referencia\":\"\",\"help\":\"\",\"tipo\":{\"text\":\"N\u00fameros\",\"name\":\"number\",\"help\":\"Con este campo se puede dar un resultado num\u00e9rico.\"},\"choices_select\":[],\"choices\":[{\"edit\":false,\"name\":\"Option 1\",\"id\":0}],\"choices_count\":0,\"model_check\":[],\"nombre\":\"PROMEDIO DE VOLUMEN CORPUSCULAR (PVC)\",\"unidades\":\"um3\",\"model_text\":\"\"},{\"referencias\":{\"M\":{\"minima\":\"26.5\",\"maxima\":\"33.5\"},\"F\":{\"minima\":\"26.5\",\"maxima\":\"33.5\"}},\"referencia\":\"\",\"help\":\"\",\"tipo\":{\"text\":\"N\u00fameros\",\"name\":\"number\",\"help\":\"Con este campo se puede dar un resultado num\u00e9rico.\"},\"choices_select\":[],\"choices\":[{\"edit\":false,\"name\":\"Option 1\",\"id\":0}],\"choices_count\":0,\"model_check\":[],\"nombre\":\"PROMEDIO DE HEMOGLOBINA CORPUSCULAR (PHC)\",\"unidades\":\"pq\",\"model_text\":\"\"},{\"referencias\":{\"M\":{\"minima\":\"31\",\"maxima\":\"38\"},\"F\":{\"minima\":\"31\",\"maxima\":\"38\"}},\"referencia\":\"\",\"help\":\"\",\"tipo\":{\"text\":\"N\u00fameros\",\"name\":\"number\",\"help\":\"Con este campo se puede dar un resultado num\u00e9rico.\"},\"choices_select\":[],\"choices\":[{\"edit\":false,\"name\":\"Option 1\",\"id\":0}],\"choices_count\":0,\"model_check\":[],\"nombre\":\"PROMEDIO DE CONCENTRACION DE LA HEMOGLOBINA (PCHC)\",\"unidades\":\"gr/dl\",\"model_text\":\"\"},{\"referencias\":{\"M\":{\"minima\":\"\",\"maxima\":\"\"},\"F\":{\"minima\":\"\",\"maxima\":\"\"}},\"referencia\":\"\",\"help\":\"\",\"tipo\":{\"text\":\"Titulo\",\"name\":\"title\",\"help\":\"Con este campo se crear\u00e1 un titulo, el cual servir\u00e1 de separador.\"},\"choices_select\":[],\"choices\":[{\"edit\":false,\"name\":\"Option 1\",\"id\":0}],\"choices_count\":0,\"model_check\":[],\"nombre\":\"B - LEUCOGRAMA -\",\"unidades\":\"\",\"model_text\":\"\"},{\"referencias\":{\"M\":{\"minima\":\"5.0\",\"maxima\":\"10.0\"},\"F\":{\"minima\":\"5.0\",\"maxima\":\"10.0\"}},\"referencia\":\"\",\"help\":\"\",\"tipo\":{\"text\":\"N\u00fameros\",\"name\":\"number\",\"help\":\"Con este campo se puede dar un resultado num\u00e9rico.\"},\"choices_select\":[],\"choices\":[{\"edit\":false,\"name\":\"Option 1\",\"id\":0}],\"choices_count\":0,\"model_check\":[],\"nombre\":\"RECUENTO DE LEUCOCITOS\",\"unidades\":\"/mm3\",\"model_text\":\"\"},{\"referencias\":{\"M\":{\"minima\":\"43\",\"maxima\":\"65\"},\"F\":{\"minima\":\"43\",\"maxima\":\"65\"}},\"referencia\":\"\",\"help\":\"\",\"tipo\":{\"text\":\"N\u00fameros\",\"name\":\"number\",\"help\":\"Con este campo se puede dar un resultado num\u00e9rico.\"},\"choices_select\":[],\"choices\":[{\"edit\":false,\"name\":\"Option 1\",\"id\":0}],\"choices_count\":0,\"model_check\":[],\"nombre\":\"P.N NEUTROFILOS\",\"unidades\":\"%\",\"model_text\":\"\"},{\"referencias\":{\"M\":{\"minima\":\"1\",\"maxima\":\"5\"},\"F\":{\"minima\":\"1\",\"maxima\":\"5\"}},\"referencia\":\"\",\"help\":\"\",\"tipo\":{\"text\":\"N\u00fameros\",\"name\":\"number\",\"help\":\"Con este campo se puede dar un resultado num\u00e9rico.\"},\"choices_select\":[],\"choices\":[{\"edit\":false,\"name\":\"Option 1\",\"id\":0}],\"choices_count\":0,\"model_check\":[],\"nombre\":\"P.N EOSINOFILOS\",\"unidades\":\"%\",\"model_text\":\"\"},{\"referencias\":{\"M\":{\"minima\":\"1\",\"maxima\":\"2\"},\"F\":{\"minima\":\"1\",\"maxima\":\"2\"}},\"referencia\":\"\",\"help\":\"\",\"tipo\":{\"text\":\"N\u00fameros\",\"name\":\"number\",\"help\":\"Con este campo se puede dar un resultado num\u00e9rico.\"},\"choices_select\":[],\"choices\":[{\"edit\":false,\"name\":\"Option 1\",\"id\":0}],\"choices_count\":0,\"model_check\":[],\"nombre\":\"P.N BASOFILOS\",\"unidades\":\"%\",\"model_text\":\"\"},{\"referencias\":{\"M\":{\"minima\":\"1\",\"maxima\":\"5\"},\"F\":{\"minima\":\"1\",\"maxima\":\"5\"}},\"referencia\":\"\",\"help\":\"\",\"tipo\":{\"text\":\"N\u00fameros\",\"name\":\"number\",\"help\":\"Con este campo se puede dar un resultado num\u00e9rico.\"},\"choices_select\":[],\"choices\":[{\"edit\":false,\"name\":\"Option 1\",\"id\":0}],\"choices_count\":0,\"model_check\":[],\"nombre\":\"BANDAS O CAYADOS\",\"unidades\":\"%\",\"model_text\":\"\"},{\"referencias\":{\"M\":{\"minima\":\"30\",\"maxima\":\"40\"},\"F\":{\"minima\":\"30\",\"maxima\":\"40\"}},\"referencia\":\"\",\"help\":\"\",\"tipo\":{\"text\":\"N\u00fameros\",\"name\":\"number\",\"help\":\"Con este campo se puede dar un resultado num\u00e9rico.\"},\"choices_select\":[],\"choices\":[{\"edit\":false,\"name\":\"Option 1\",\"id\":0}],\"choices_count\":0,\"model_check\":[],\"nombre\":\"LINFOCITOS\",\"unidades\":\"%\",\"model_text\":\"\"},{\"referencias\":{\"M\":{\"minima\":\"3\",\"maxima\":\"6\"},\"F\":{\"minima\":\"3\",\"maxima\":\"6\"}},\"referencia\":\"\",\"help\":\"\",\"tipo\":{\"text\":\"N\u00fameros\",\"name\":\"number\",\"help\":\"Con este campo se puede dar un resultado num\u00e9rico.\"},\"choices_select\":[],\"choices\":[{\"edit\":false,\"name\":\"Option 1\",\"id\":0}],\"choices_count\":0,\"model_check\":[],\"nombre\":\"MONOCITOS\",\"unidades\":\"%\",\"model_text\":\"\"},{\"nombre\":\"RECUENTO DE PLAQUETAS\",\"help\":\"\",\"choices\":[{\"edit\":false,\"name\":\"Option 1\",\"id\":0}],\"choices_select\":[],\"choices_count\":0,\"model_text\":\"\",\"model_check\":[],\"unidades\":\"\",\"tipo\":{\"text\":\"Titulo\",\"name\":\"title\",\"help\":\"Con este campo se crear\u00e1 un titulo, el cual servir\u00e1 de separador.\"},\"referencia\":\"\",\"referencias\":{\"F\":{\"maxima\":\"\",\"minima\":\"\"},\"M\":{\"maxima\":\"\",\"minima\":\"\"}}},{\"nombre\":\"RECUENTO DE PLAQUETAS\",\"help\":\"\",\"choices\":[{\"edit\":false,\"name\":\"Option 1\",\"id\":0}],\"choices_select\":[],\"choices_count\":0,\"model_text\":\"\",\"model_check\":[],\"unidades\":\"/mmc\",\"tipo\":{\"text\":\"N\u00fameros\",\"name\":\"number\",\"help\":\"Con este campo se puede dar un resultado num\u00e9rico.\"},\"referencia\":\"\",\"referencias\":{\"F\":{\"maxima\":\"450.0\",\"minima\":\"150.0\"},\"M\":{\"maxima\":\"450.0\",\"minima\":\"150.0\"}}}]", "laboratorio": 29}, "model": "laboratorios.formato", "pk": 32}, {"fields": {"formato": "[{\"referencias\":{\"M\":{\"minima\":\"\",\"maxima\":\"\"},\"F\":{\"minima\":\"\",\"maxima\":\"\"}},\"referencia\":\"\",\"help\":\"\",\"tipo\":{\"text\":\"Titulo\",\"name\":\"title\",\"help\":\"Con este campo se crear\u00e1 un titulo, el cual servir\u00e1 de separador.\"},\"choices_select\":[],\"choices\":[{\"edit\":false,\"name\":\"Option 1\",\"id\":0}],\"choices_count\":0,\"model_check\":[],\"nombre\":\"A - ERITROGRAMA -\",\"unidades\":\"\",\"model_text\":\"\"},{\"referencias\":{\"M\":{\"minima\":\"14.5\",\"maxima\":\"16.5\"},\"F\":{\"minima\":\"11.0\",\"maxima\":\"15.0\"}},\"referencia\":\"\",\"help\":\"\",\"tipo\":{\"text\":\"N\u00fameros\",\"name\":\"number\",\"help\":\"Con este campo se puede dar un resultado num\u00e9rico.\"},\"choices_select\":[],\"choices\":[{\"edit\":false,\"name\":\"Option 1\",\"id\":0}],\"choices_count\":0,\"model_check\":[],\"nombre\":\"HEMOGLOBINA\",\"unidades\":\"gr/dl\",\"model_text\":\"\"},{\"referencias\":{\"M\":{\"minima\":\"31\",\"maxima\":\"43\"},\"F\":{\"minima\":\"34\",\"maxima\":\"42\"}},\"referencia\":\"\",\"help\":\"\",\"tipo\":{\"text\":\"N\u00fameros\",\"name\":\"number\",\"help\":\"Con este campo se puede dar un resultado num\u00e9rico.\"},\"choices_select\":[],\"choices\":[{\"edit\":false,\"name\":\"Option 1\",\"id\":0}],\"choices_count\":0,\"model_check\":[],\"nombre\":\"HEMATOCRITO\",\"unidades\":\"%\",\"model_text\":\"\"},{\"referencias\":{\"M\":{\"minima\":\"3900\",\"maxima\":\"5100\"},\"F\":{\"minima\":\"4000\",\"maxima\":\"5000\"}},\"referencia\":\"\",\"help\":\"\",\"tipo\":{\"text\":\"N\u00fameros\",\"name\":\"number\",\"help\":\"Con este campo se puede dar un resultado num\u00e9rico.\"},\"choices_select\":[],\"choices\":[{\"edit\":false,\"name\":\"Option 1\",\"id\":0}],\"choices_count\":0,\"model_check\":[],\"nombre\":\"ERITROCITOS\",\"unidades\":\"/mm3\",\"model_text\":\"\"},{\"referencias\":{\"M\":{\"minima\":\"80\",\"maxima\":\"97\"},\"F\":{\"minima\":\"80\",\"maxima\":\"97\"}},\"referencia\":\"\",\"help\":\"\",\"tipo\":{\"text\":\"N\u00fameros\",\"name\":\"number\",\"help\":\"Con este campo se puede dar un resultado num\u00e9rico.\"},\"choices_select\":[],\"choices\":[{\"edit\":false,\"name\":\"Option 1\",\"id\":0}],\"choices_count\":0,\"model_check\":[],\"nombre\":\"PROMEDIO DE VOLUMEN CORPUSCULAR (PVC)\",\"unidades\":\"um3\",\"model_text\":\"\"},{\"referencias\":{\"M\":{\"minima\":\"26.5\",\"maxima\":\"33.5\"},\"F\":{\"minima\":\"26.5\",\"maxima\":\"33.5\"}},\"referencia\":\"\",\"help\":\"\",\"tipo\":{\"text\":\"N\u00fameros\",\"name\":\"number\",\"help\":\"Con este campo se puede dar un resultado num\u00e9rico.\"},\"choices_select\":[],\"choices\":[{\"edit\":false,\"name\":\"Option 1\",\"id\":0}],\"choices_count\":0,\"model_check\":[],\"nombre\":\"PROMEDIO DE HEMOGLOBINA CORPUSCULAR (PHC)\",\"unidades\":\"pq\",\"model_text\":\"\"},{\"referencias\":{\"M\":{\"minima\":\"31\",\"maxima\":\"38\"},\"F\":{\"minima\":\"31\",\"maxima\":\"38\"}},\"referencia\":\"\",\"help\":\"\",\"tipo\":{\"text\":\"N\u00fameros\",\"name\":\"number\",\"help\":\"Con este campo se puede dar un resultado num\u00e9rico.\"},\"choices_select\":[],\"choices\":[{\"edit\":false,\"name\":\"Option 1\",\"id\":0}],\"choices_count\":0,\"model_check\":[],\"nombre\":\"PROMEDIO DE CONCENTRACION DE LA HEMOGLOBINA (PCHC)\",\"unidades\":\"gr/dl\",\"model_text\":\"\"},{\"referencias\":{\"M\":{\"minima\":\"\",\"maxima\":\"\"},\"F\":{\"minima\":\"\",\"maxima\":\"\"}},\"referencia\":\"\",\"help\":\"\",\"tipo\":{\"text\":\"Titulo\",\"name\":\"title\",\"help\":\"Con este campo se crear\u00e1 un titulo, el cual servir\u00e1 de separador.\"},\"choices_select\":[],\"choices\":[{\"edit\":false,\"name\":\"Option 1\",\"id\":0}],\"choices_count\":0,\"model_check\":[],\"nombre\":\"B - LEUCOGRAMA -\",\"unidades\":\"\",\"model_text\":\"\"},{\"referencias\":{\"M\":{\"minima\":\"5.0\",\"maxima\":\"10.0\"},\"F\":{\"minima\":\"5.0\",\"maxima\":\"10.0\"}},\"referencia\":\"\",\"help\":\"\",\"tipo\":{\"text\":\"N\u00fameros\",\"name\":\"number\",\"help\":\"Con este campo se puede dar un resultado num\u00e9rico.\"},\"choices_select\":[],\"choices\":[{\"edit\":false,\"name\":\"Option 1\",\"id\":0}],\"choices_count\":0,\"model_check\":[],\"nombre\":\"RECUENTO DE LEUCOCITOS\",\"unidades\":\"/mm3\",\"model_text\":\"\"},{\"referencias\":{\"M\":{\"minima\":\"43\",\"maxima\":\"65\"},\"F\":{\"minima\":\"43\",\"maxima\":\"65\"}},\"referencia\":\"\",\"help\":\"\",\"tipo\":{\"text\":\"N\u00fameros\",\"name\":\"number\",\"help\":\"Con este campo se puede dar un resultado num\u00e9rico.\"},\"choices_select\":[],\"choices\":[{\"edit\":false,\"name\":\"Option 1\",\"id\":0}],\"choices_count\":0,\"model_check\":[],\"nombre\":\"P.N NEUTROFILOS\",\"unidades\":\"%\",\"model_text\":\"\"},{\"referencias\":{\"M\":{\"minima\":\"1\",\"maxima\":\"5\"},\"F\":{\"minima\":\"1\",\"maxima\":\"5\"}},\"referencia\":\"\",\"help\":\"\",\"tipo\":{\"text\":\"N\u00fameros\",\"name\":\"number\",\"help\":\"Con este campo se puede dar un resultado num\u00e9rico.\"},\"choices_select\":[],\"choices\":[{\"edit\":false,\"name\":\"Option 1\",\"id\":0}],\"choices_count\":0,\"model_check\":[],\"nombre\":\"P.N EOSINOFILOS\",\"unidades\":\"%\",\"model_text\":\"\"},{\"referencias\":{\"M\":{\"minima\":\"1\",\"maxima\":\"2\"},\"F\":{\"minima\":\"1\",\"maxima\":\"2\"}},\"referencia\":\"\",\"help\":\"\",\"tipo\":{\"text\":\"N\u00fameros\",\"name\":\"number\",\"help\":\"Con este campo se puede dar un resultado num\u00e9rico.\"},\"choices_select\":[],\"choices\":[{\"edit\":false,\"name\":\"Option 1\",\"id\":0}],\"choices_count\":0,\"model_check\":[],\"nombre\":\"P.N BASOFILOS\",\"unidades\":\"%\",\"model_text\":\"\"},{\"referencias\":{\"M\":{\"minima\":\"1\",\"maxima\":\"5\"},\"F\":{\"minima\":\"1\",\"maxima\":\"5\"}},\"referencia\":\"\",\"help\":\"\",\"tipo\":{\"text\":\"N\u00fameros\",\"name\":\"number\",\"help\":\"Con este campo se puede dar un resultado num\u00e9rico.\"},\"choices_select\":[],\"choices\":[{\"edit\":false,\"name\":\"Option 1\",\"id\":0}],\"choices_count\":0,\"model_check\":[],\"nombre\":\"BANDAS O CAYADOS\",\"unidades\":\"%\",\"model_text\":\"\"},{\"referencias\":{\"M\":{\"minima\":\"30\",\"maxima\":\"40\"},\"F\":{\"minima\":\"30\",\"maxima\":\"40\"}},\"referencia\":\"\",\"help\":\"\",\"tipo\":{\"text\":\"N\u00fameros\",\"name\":\"number\",\"help\":\"Con este campo se puede dar un resultado num\u00e9rico.\"},\"choices_select\":[],\"choices\":[{\"edit\":false,\"name\":\"Option 1\",\"id\":0}],\"choices_count\":0,\"model_check\":[],\"nombre\":\"LINFOCITOS\",\"unidades\":\"%\",\"model_text\":\"\"},{\"referencias\":{\"M\":{\"minima\":\"3\",\"maxima\":\"6\"},\"F\":{\"minima\":\"3\",\"maxima\":\"6\"}},\"referencia\":\"\",\"help\":\"\",\"tipo\":{\"text\":\"N\u00fameros\",\"name\":\"number\",\"help\":\"Con este campo se puede dar un resultado num\u00e9rico.\"},\"choices_select\":[],\"choices\":[{\"edit\":false,\"name\":\"Option 1\",\"id\":0}],\"choices_count\":0,\"model_check\":[],\"nombre\":\"MONOCITOS\",\"unidades\":\"%\",\"model_text\":\"\"},{\"referencias\":{\"M\":{\"minima\":\"3\",\"maxima\":\"6\"},\"F\":{\"minima\":\"3\",\"maxima\":\"6\"}},\"referencia\":\"\",\"help\":\"\",\"tipo\":{\"text\":\"Texto\",\"name\":\"text\",\"help\":\"Con este campo se puede dar un resultado libre corto y conciso.\"},\"choices_select\":[],\"choices\":[{\"edit\":false,\"name\":\"Option 1\",\"id\":0}],\"choices_count\":0,\"model_check\":[],\"nombre\":\"LINFOCITOS ATIPICOS\",\"unidades\":\"%\",\"model_text\":\"\"},{\"referencias\":{\"M\":{\"minima\":\"1\",\"maxima\":\"2\"},\"F\":{\"minima\":\"1\",\"maxima\":\"2\"}},\"referencia\":\"\",\"help\":\"\",\"tipo\":{\"text\":\"N\u00fameros\",\"name\":\"number\",\"help\":\"Con este campo se puede dar un resultado num\u00e9rico.\"},\"choices_select\":[],\"choices\":[{\"edit\":false,\"name\":\"Option 1\",\"id\":0}],\"choices_count\":0,\"model_check\":[],\"nombre\":\"MIELOCITOS NEUTROFILOS\",\"unidades\":\"%\",\"model_text\":\"\"},{\"referencias\":{\"M\":{\"minima\":\"1\",\"maxima\":\"2\"},\"F\":{\"minima\":\"1\",\"maxima\":\"2\"}},\"referencia\":\"\",\"help\":\"\",\"tipo\":{\"text\":\"N\u00fameros\",\"name\":\"number\",\"help\":\"Con este campo se puede dar un resultado num\u00e9rico.\"},\"choices_select\":[],\"choices\":[{\"edit\":false,\"name\":\"Option 1\",\"id\":0}],\"choices_count\":0,\"model_check\":[],\"nombre\":\"METAMIELOCITOS NEUTROFILOS\",\"unidades\":\"%\",\"model_text\":\"\"},{\"referencias\":{\"M\":{\"minima\":\"3\",\"maxima\":\"6\"},\"F\":{\"minima\":\"3\",\"maxima\":\"6\"}},\"referencia\":\"\",\"help\":\"\",\"tipo\":{\"text\":\"Texto\",\"name\":\"text\",\"help\":\"Con este campo se puede dar un resultado libre corto y conciso.\"},\"choices_select\":[],\"choices\":[{\"edit\":false,\"name\":\"Option 1\",\"id\":0}],\"choices_count\":0,\"model_check\":[],\"nombre\":\"ERITROSEDIMENTACION\",\"unidades\":\"%\",\"model_text\":\"\"},{\"referencias\":{\"M\":{\"minima\":\"0.1\",\"maxima\":\"20\"},\"F\":{\"minima\":\"0.1\",\"maxima\":\"15\"}},\"referencia\":\"\",\"help\":\"\",\"tipo\":{\"text\":\"N\u00fameros\",\"name\":\"number\",\"help\":\"Con este campo se puede dar un resultado num\u00e9rico.\"},\"choices_select\":[],\"choices\":[{\"edit\":false,\"name\":\"Option 1\",\"id\":0}],\"choices_count\":0,\"model_check\":[],\"nombre\":\"NIVEL DE ERITROSEDIMENTACION A LA HORA\",\"unidades\":\"/Hra\",\"model_text\":\"\"},{\"referencias\":{\"M\":{\"minima\":\"\",\"maxima\":\"\"},\"F\":{\"minima\":\"\",\"maxima\":\"\"}},\"referencia\":\"\",\"help\":\"\",\"tipo\":{\"text\":\"Titulo\",\"name\":\"title\",\"help\":\"Con este campo se crear\u00e1 un titulo, el cual servir\u00e1 de separador.\"},\"choices_select\":[],\"choices\":[{\"edit\":false,\"name\":\"Option 1\",\"id\":0}],\"choices_count\":0,\"model_check\":[],\"nombre\":\"RECUENTO DE PLAQUETAS\",\"unidades\":\"\",\"model_text\":\"\"},{\"referencias\":{\"M\":{\"minima\":\"150.0\",\"maxima\":\"450.0\"},\"F\":{\"minima\":\"150.0\",\"maxima\":\"450.0\"}},\"referencia\":\"\",\"help\":\"\",\"tipo\":{\"text\":\"N\u00fameros\",\"name\":\"number\",\"help\":\"Con este campo se puede dar un resultado num\u00e9rico.\"},\"choices_select\":[],\"choices\":[{\"edit\":false,\"name\":\"Option 1\",\"id\":0}],\"choices_count\":0,\"model_check\":[],\"nombre\":\"RECUENTO DE PLAQUETAS\",\"unidades\":\"/mmc\",\"model_text\":\"\"}]", "laboratorio": 30}, "model": "laboratorios.formato", "pk": 33}, {"fields": {"formato": "[{\"nombre\":\"ERITROGRAMA\",\"help\":\"\",\"choices\":[{\"edit\":false,\"name\":\"Option 1\",\"id\":0}],\"choices_select\":[],\"choices_count\":0,\"model_text\":\"\",\"model_check\":[],\"unidades\":\"\",\"tipo\":{\"text\":\"Titulo\",\"name\":\"title\",\"help\":\"Con este campo se crear\u00e1 un titulo, el cual servir\u00e1 de separador.\"},\"referencia\":\"\",\"referencias\":{\"F\":{\"maxima\":\"\",\"minima\":\"\"},\"M\":{\"maxima\":\"\",\"minima\":\"\"}}},{\"nombre\":\"ETRITROCITOS\",\"help\":\"\",\"choices\":[{\"edit\":false,\"name\":\"Option 1\",\"id\":0}],\"choices_select\":[],\"choices_count\":0,\"model_text\":\"\",\"model_check\":[],\"unidades\":\"millon/mm3\",\"tipo\":{\"text\":\"N\u00fameros\",\"name\":\"number\",\"help\":\"Con este campo se puede dar un resultado num\u00e9rico.\"},\"referencia\":\"\",\"referencias\":{\"F\":{\"maxima\":\"5.0\",\"minima\":\"4.0\"},\"M\":{\"maxima\":\"5.1\",\"minima\":\"3.9\"}}},{\"nombre\":\"HEMOGLOBINA\",\"help\":\"\",\"choices\":[{\"edit\":false,\"name\":\"Option 1\",\"id\":0}],\"choices_select\":[],\"choices_count\":0,\"model_text\":\"\",\"model_check\":[],\"unidades\":\"gr/dl\",\"tipo\":{\"text\":\"N\u00fameros\",\"name\":\"number\",\"help\":\"Con este campo se puede dar un resultado num\u00e9rico.\"},\"referencia\":\"\",\"referencias\":{\"F\":{\"maxima\":\"15.0\",\"minima\":\"10.0\"},\"M\":{\"maxima\":\"16.5\",\"minima\":\"11.5\"}}},{\"nombre\":\"HEMATOCRITO\",\"help\":\"\",\"choices\":[{\"edit\":false,\"name\":\"Option 1\",\"id\":0}],\"choices_select\":[],\"choices_count\":0,\"model_text\":\"\",\"model_check\":[],\"unidades\":\"%\",\"tipo\":{\"text\":\"N\u00fameros\",\"name\":\"number\",\"help\":\"Con este campo se puede dar un resultado num\u00e9rico.\"},\"referencia\":\"\",\"referencias\":{\"F\":{\"maxima\":\"42\",\"minima\":\"34\"},\"M\":{\"maxima\":\"43\",\"minima\":\"31\"}}},{\"nombre\":\"VOLUMEN CORPUSCULAR MEDIO (MVC)\",\"help\":\"\",\"choices\":[{\"edit\":false,\"name\":\"Option 1\",\"id\":0}],\"choices_select\":[],\"choices_count\":0,\"model_text\":\"\",\"model_check\":[],\"unidades\":\"um3\",\"tipo\":{\"text\":\"N\u00fameros\",\"name\":\"number\",\"help\":\"Con este campo se puede dar un resultado num\u00e9rico.\"},\"referencia\":\"\",\"referencias\":{\"F\":{\"maxima\":\"100\",\"minima\":\"80\"},\"M\":{\"maxima\":\"100\",\"minima\":\"80\"}}},{\"nombre\":\"HEMOGLOBINA CORPUSCULAR (MHC)\",\"help\":\"\",\"choices\":[{\"edit\":false,\"name\":\"Option 1\",\"id\":0}],\"choices_select\":[],\"choices_count\":0,\"model_text\":\"\",\"model_check\":[],\"unidades\":\"pq\",\"tipo\":{\"text\":\"N\u00fameros\",\"name\":\"number\",\"help\":\"Con este campo se puede dar un resultado num\u00e9rico.\"},\"referencia\":\"\",\"referencias\":{\"F\":{\"maxima\":\"33.5\",\"minima\":\"26.5\"},\"M\":{\"maxima\":\"33.5\",\"minima\":\"26.5\"}}},{\"nombre\":\"CONCENTRACION DE HEMOGLOBINA CORPUSCULAR\",\"help\":\"\",\"choices\":[{\"edit\":false,\"name\":\"Option 1\",\"id\":0}],\"choices_select\":[],\"choices_count\":0,\"model_text\":\"\",\"model_check\":[],\"unidades\":\"gr/dl\",\"tipo\":{\"text\":\"N\u00fameros\",\"name\":\"number\",\"help\":\"Con este campo se puede dar un resultado num\u00e9rico.\"},\"referencia\":\"\",\"referencias\":{\"F\":{\"maxima\":\"38\",\"minima\":\"31\"},\"M\":{\"maxima\":\"38\",\"minima\":\"31\"}}},{\"nombre\":\"INDICE DE DISTRIBUCION ETRITROCITARIA (RDW)\",\"help\":\"\",\"choices\":[{\"edit\":false,\"name\":\"Option 1\",\"id\":0}],\"choices_select\":[],\"choices_count\":0,\"model_text\":\"\",\"model_check\":[],\"unidades\":\"%\",\"tipo\":{\"text\":\"N\u00fameros\",\"name\":\"number\",\"help\":\"Con este campo se puede dar un resultado num\u00e9rico.\"},\"referencia\":\"\",\"referencias\":{\"F\":{\"maxima\":\"16.0\",\"minima\":\"11.0\"},\"M\":{\"maxima\":\"16.0\",\"minima\":\"11.0\"}}},{\"nombre\":\"LEUCOGRAMA\",\"help\":\"\",\"choices\":[{\"edit\":false,\"name\":\"Option 1\",\"id\":0}],\"choices_select\":[],\"choices_count\":0,\"model_text\":\"\",\"model_check\":[],\"unidades\":\"\",\"tipo\":{\"text\":\"Titulo\",\"name\":\"title\",\"help\":\"Con este campo se crear\u00e1 un titulo, el cual servir\u00e1 de separador.\"},\"referencia\":\"\",\"referencias\":{\"F\":{\"maxima\":\"\",\"minima\":\"\"},\"M\":{\"maxima\":\"\",\"minima\":\"\"}}},{\"nombre\":\"RECUENTO DE LEUCOCITOS\",\"help\":\"\",\"choices\":[{\"edit\":false,\"name\":\"Option 1\",\"id\":0}],\"choices_select\":[],\"choices_count\":0,\"model_text\":\"\",\"model_check\":[],\"unidades\":\"x1000/L\",\"tipo\":{\"text\":\"N\u00fameros\",\"name\":\"number\",\"help\":\"Con este campo se puede dar un resultado num\u00e9rico.\"},\"referencia\":\"\",\"referencias\":{\"F\":{\"maxima\":\"10\",\"minima\":\"5.0\"},\"M\":{\"maxima\":\"10.0\",\"minima\":\"5.0\"}}},{\"nombre\":\"Gran %\",\"help\":\"\",\"choices\":[{\"edit\":false,\"name\":\"Option 1\",\"id\":0}],\"choices_select\":[],\"choices_count\":0,\"model_text\":\"\",\"model_check\":[],\"unidades\":\"%\",\"tipo\":{\"text\":\"N\u00fameros\",\"name\":\"number\",\"help\":\"Con este campo se puede dar un resultado num\u00e9rico.\"},\"referencia\":\"\",\"referencias\":{\"F\":{\"maxima\":\"70\",\"minima\":\"50\"},\"M\":{\"maxima\":\"70\",\"minima\":\"50\"}}},{\"nombre\":\"Mid %\",\"help\":\"\",\"choices\":[{\"edit\":false,\"name\":\"Option 1\",\"id\":0}],\"choices_select\":[],\"choices_count\":0,\"model_text\":\"\",\"model_check\":[],\"unidades\":\"%\",\"tipo\":{\"text\":\"N\u00fameros\",\"name\":\"number\",\"help\":\"Con este campo se puede dar un resultado num\u00e9rico.\"},\"referencia\":\"\",\"referencias\":{\"F\":{\"maxima\":\"10\",\"minima\":\"3.0\"},\"M\":{\"maxima\":\"10\",\"minima\":\"3.0\"}}},{\"nombre\":\"Lymph %\",\"help\":\"\",\"choices\":[{\"edit\":false,\"name\":\"Option 1\",\"id\":0}],\"choices_select\":[],\"choices_count\":0,\"model_text\":\"\",\"model_check\":[],\"unidades\":\"%\",\"tipo\":{\"text\":\"N\u00fameros\",\"name\":\"number\",\"help\":\"Con este campo se puede dar un resultado num\u00e9rico.\"},\"referencia\":\"\",\"referencias\":{\"F\":{\"maxima\":\"40\",\"minima\":\"20\"},\"M\":{\"maxima\":\"40\",\"minima\":\"20\"}}},{\"nombre\":\"Gran #\",\"help\":\"\",\"choices\":[{\"edit\":false,\"name\":\"Option 1\",\"id\":0}],\"choices_select\":[],\"choices_count\":0,\"model_text\":\"\",\"model_check\":[],\"unidades\":\"x1000/L\",\"tipo\":{\"text\":\"N\u00fameros\",\"name\":\"number\",\"help\":\"Con este campo se puede dar un resultado num\u00e9rico.\"},\"referencia\":\"\",\"referencias\":{\"F\":{\"maxima\":\"7.0\",\"minima\":\"2.0\"},\"M\":{\"maxima\":\"7.0\",\"minima\":\"2.0\"}}},{\"nombre\":\"Mid #\",\"help\":\"\",\"choices\":[{\"edit\":false,\"name\":\"Option 1\",\"id\":0}],\"choices_select\":[],\"choices_count\":0,\"model_text\":\"\",\"model_check\":[],\"unidades\":\"x1000/L\",\"tipo\":{\"text\":\"N\u00fameros\",\"name\":\"number\",\"help\":\"Con este campo se puede dar un resultado num\u00e9rico.\"},\"referencia\":\"\",\"referencias\":{\"F\":{\"maxima\":\"1.5\",\"minima\":\"0.1\"},\"M\":{\"maxima\":\"1.5\",\"minima\":\"0.1\"}}},{\"nombre\":\"Lymph #\",\"help\":\"\",\"choices\":[{\"edit\":false,\"name\":\"Option 1\",\"id\":0}],\"choices_select\":[],\"choices_count\":0,\"model_text\":\"\",\"model_check\":[],\"unidades\":\"x1000/L\",\"tipo\":{\"text\":\"N\u00fameros\",\"name\":\"number\",\"help\":\"Con este campo se puede dar un resultado num\u00e9rico.\"},\"referencia\":\"\",\"referencias\":{\"F\":{\"maxima\":\"0.4\",\"minima\":\"0.8\"},\"M\":{\"maxima\":\"0.4\",\"minima\":\"0.8\"}}},{\"nombre\":\"RECUENTO DE PLAQUETAS\",\"help\":\"\",\"choices\":[{\"edit\":false,\"name\":\"Option 1\",\"id\":0}],\"choices_select\":[],\"choices_count\":0,\"model_text\":\"\",\"model_check\":[],\"unidades\":\"\",\"tipo\":{\"text\":\"Titulo\",\"name\":\"title\",\"help\":\"Con este campo se crear\u00e1 un titulo, el cual servir\u00e1 de separador.\"},\"referencia\":\"\",\"referencias\":{\"F\":{\"maxima\":\"\",\"minima\":\"\"},\"M\":{\"maxima\":\"\",\"minima\":\"\"}}},{\"nombre\":\"RECUENTO DE PLAQUETAS\",\"help\":\"\",\"choices\":[{\"edit\":false,\"name\":\"Option 1\",\"id\":0}],\"choices_select\":[],\"choices_count\":0,\"model_text\":\"\",\"model_check\":[],\"unidades\":\"mil/mm3\",\"tipo\":{\"text\":\"N\u00fameros\",\"name\":\"number\",\"help\":\"Con este campo se puede dar un resultado num\u00e9rico.\"},\"referencia\":\"\",\"referencias\":{\"F\":{\"maxima\":\"450\",\"minima\":\"150\"},\"M\":{\"maxima\":\"450\",\"minima\":\"150\"}}},{\"nombre\":\"VOLUMEN PLAQUETARIO MEDIO (MPV)\",\"help\":\"\",\"choices\":[{\"edit\":false,\"name\":\"Option 1\",\"id\":0}],\"choices_select\":[],\"choices_count\":0,\"model_text\":\"\",\"model_check\":[],\"unidades\":\"umc\",\"tipo\":{\"text\":\"N\u00fameros\",\"name\":\"number\",\"help\":\"Con este campo se puede dar un resultado num\u00e9rico.\"},\"referencia\":\"\",\"referencias\":{\"F\":{\"maxima\":\"10.0\",\"minima\":\"6.0\"},\"M\":{\"maxima\":\"10.0\",\"minima\":\"6.0\"}}},{\"nombre\":\"PLAQUETOCRITO (PCT)\",\"help\":\"\",\"choices\":[{\"edit\":false,\"name\":\"Option 1\",\"id\":0}],\"choices_select\":[],\"choices_count\":0,\"model_text\":\"\",\"model_check\":[],\"unidades\":\"%\",\"tipo\":{\"text\":\"N\u00fameros\",\"name\":\"number\",\"help\":\"Con este campo se puede dar un resultado num\u00e9rico.\"},\"referencia\":\"\",\"referencias\":{\"F\":{\"maxima\":\"0.500\",\"minima\":\"0.150\"},\"M\":{\"maxima\":\"0.500\",\"minima\":\"0.150\"}}},{\"nombre\":\"ERITROSEDIMENTACION\",\"help\":\"\",\"choices\":[{\"edit\":false,\"name\":\"Option 1\",\"id\":0}],\"choices_select\":[],\"choices_count\":0,\"model_text\":\"\",\"model_check\":[],\"unidades\":\"\",\"tipo\":{\"text\":\"Titulo\",\"name\":\"title\",\"help\":\"Con este campo se crear\u00e1 un titulo, el cual servir\u00e1 de separador.\"},\"referencia\":\"\",\"referencias\":{\"F\":{\"maxima\":\"\",\"minima\":\"\"},\"M\":{\"maxima\":\"\",\"minima\":\"\"}}},{\"nombre\":\"NIVEL DE ERITROSEDIMENTACION A LA HORA\",\"help\":\"\",\"choices\":[{\"edit\":false,\"name\":\"Option 1\",\"id\":0}],\"choices_select\":[],\"choices_count\":0,\"model_text\":\"\",\"model_check\":[],\"unidades\":\"/hra\",\"tipo\":{\"text\":\"N\u00fameros\",\"name\":\"number\",\"help\":\"Con este campo se puede dar un resultado num\u00e9rico.\"},\"referencia\":\"\",\"referencias\":{\"F\":{\"maxima\":\"15\",\"minima\":\"0.1\"},\"M\":{\"maxima\":\"20\",\"minima\":\"0.1\"}}}]", "laboratorio": 31}, "model": "laboratorios.formato", "pk": 34}, {"fields": {"formato": "[{\"nombre\":\"ESTUDIO FISICO - QUIMICO\",\"help\":\"\",\"choices\":[{\"edit\":false,\"name\":\"Option 1\",\"id\":0}],\"choices_select\":[],\"choices_count\":0,\"model_text\":\"\",\"model_check\":[],\"unidades\":\"\",\"tipo\":{\"text\":\"Titulo\",\"name\":\"title\",\"help\":\"Con este campo se crear\u00e1 un titulo, el cual servir\u00e1 de separador.\"},\"referencia\":\"\",\"referencias\":{\"F\":{\"maxima\":\"\",\"minima\":\"\"},\"M\":{\"maxima\":\"\",\"minima\":\"\"}}},{\"nombre\":\"COLOR DE ORINA\",\"help\":\"\",\"choices\":[{\"id\":68,\"nombre\":\"AMARILLA\",\"caracteristica\":{\"id\":11,\"codigo\":\"COLOR DE ORINA\",\"descripcion\":\"COLOR DE ORINA\"},\"text\":\"AMARILLA\"},{\"id\":69,\"nombre\":\"AMARILLA CLARA\",\"caracteristica\":{\"id\":11,\"codigo\":\"COLOR DE ORINA\",\"descripcion\":\"COLOR DE ORINA\"},\"text\":\"AMARILLA CLARA\"},{\"id\":70,\"nombre\":\"AMARILLA OSCURA\",\"caracteristica\":{\"id\":11,\"codigo\":\"COLOR DE ORINA\",\"descripcion\":\"COLOR DE ORINA\"},\"text\":\"AMARILLA OSCURA\"},{\"id\":71,\"nombre\":\"AMARILLA PALIDA\",\"caracteristica\":{\"id\":11,\"codigo\":\"COLOR DE ORINA\",\"descripcion\":\"COLOR DE ORINA\"},\"text\":\"AMARILLA PALIDA\"},{\"id\":72,\"nombre\":\"AMBAR\",\"caracteristica\":{\"id\":11,\"codigo\":\"COLOR DE ORINA\",\"descripcion\":\"COLOR DE ORINA\"},\"text\":\"AMBAR\"},{\"id\":73,\"nombre\":\"INCOLORA\",\"caracteristica\":{\"id\":11,\"codigo\":\"COLOR DE ORINA\",\"descripcion\":\"COLOR DE ORINA\"},\"text\":\"INCOLORA\"},{\"id\":74,\"nombre\":\"MARRON\",\"caracteristica\":{\"id\":11,\"codigo\":\"COLOR DE ORINA\",\"descripcion\":\"COLOR DE ORINA\"},\"text\":\"MARRON\"},{\"id\":75,\"nombre\":\"ROJIZA\",\"caracteristica\":{\"id\":11,\"codigo\":\"COLOR DE ORINA\",\"descripcion\":\"COLOR DE ORINA\"},\"text\":\"ROJIZA\"}],\"choices_select\":[],\"choices_count\":0,\"model_text\":\"\",\"model_check\":[],\"unidades\":\"\",\"tipo\":{\"text\":\"Caracteristicas\",\"name\":\"select\",\"help\":\"Con este campo se muestran solo las opciones a partir de una caracteristica escogida.\"},\"referencia\":\"\",\"referencias\":{\"F\":{\"maxima\":\"\",\"minima\":\"\"},\"M\":{\"maxima\":\"\",\"minima\":\"\"}}},{\"nombre\":\"ASPECTO\",\"help\":\"\",\"choices\":[{\"id\":89,\"nombre\":\"LIGERAMENTE TURBIO\",\"caracteristica\":{\"id\":12,\"codigo\":\"ASPECTO DE ORINA\",\"descripcion\":\"ASPECTO DE ORINA\"},\"text\":\"LIGERAMENTE TURBIO\"},{\"id\":90,\"nombre\":\"TRANSPARENTE\",\"caracteristica\":{\"id\":12,\"codigo\":\"ASPECTO DE ORINA\",\"descripcion\":\"ASPECTO DE ORINA\"},\"text\":\"TRANSPARENTE\"},{\"id\":91,\"nombre\":\"TURBIO +\",\"caracteristica\":{\"id\":12,\"codigo\":\"ASPECTO DE ORINA\",\"descripcion\":\"ASPECTO DE ORINA\"},\"text\":\"TURBIO +\"},{\"id\":92,\"nombre\":\"TURBIO ++\",\"caracteristica\":{\"id\":12,\"codigo\":\"ASPECTO DE ORINA\",\"descripcion\":\"ASPECTO DE ORINA\"},\"text\":\"TURBIO ++\"},{\"id\":93,\"nombre\":\"TURBIO +++\",\"caracteristica\":{\"id\":12,\"codigo\":\"ASPECTO DE ORINA\",\"descripcion\":\"ASPECTO DE ORINA\"},\"text\":\"TURBIO +++\"}],\"choices_select\":[],\"choices_count\":0,\"model_text\":\"\",\"model_check\":[],\"unidades\":\"\",\"tipo\":{\"text\":\"Caracteristicas\",\"name\":\"select\",\"help\":\"Con este campo se muestran solo las opciones a partir de una caracteristica escogida.\"},\"referencia\":\"\",\"referencias\":{\"F\":{\"maxima\":\"\",\"minima\":\"\"},\"M\":{\"maxima\":\"\",\"minima\":\"\"}}},{\"nombre\":\"PH\",\"help\":\"\",\"choices\":[{\"id\":82,\"nombre\":\"5.0\",\"caracteristica\":{\"id\":14,\"codigo\":\"PH\",\"descripcion\":\"PH\"},\"text\":\"5.0\"},{\"id\":83,\"nombre\":\"6.0\",\"caracteristica\":{\"id\":14,\"codigo\":\"PH\",\"descripcion\":\"PH\"},\"text\":\"6.0\"},{\"id\":84,\"nombre\":\"6.5\",\"caracteristica\":{\"id\":14,\"codigo\":\"PH\",\"descripcion\":\"PH\"},\"text\":\"6.5\"},{\"id\":85,\"nombre\":\"7.0\",\"caracteristica\":{\"id\":14,\"codigo\":\"PH\",\"descripcion\":\"PH\"},\"text\":\"7.0\"},{\"id\":86,\"nombre\":\"7.5\",\"caracteristica\":{\"id\":14,\"codigo\":\"PH\",\"descripcion\":\"PH\"},\"text\":\"7.5\"},{\"id\":87,\"nombre\":\"8.0\",\"caracteristica\":{\"id\":14,\"codigo\":\"PH\",\"descripcion\":\"PH\"},\"text\":\"8.0\"},{\"id\":88,\"nombre\":\"9.0\",\"caracteristica\":{\"id\":14,\"codigo\":\"PH\",\"descripcion\":\"PH\"},\"text\":\"9.0\"}],\"choices_select\":[],\"choices_count\":0,\"model_text\":\"\",\"model_check\":[],\"unidades\":\"\",\"tipo\":{\"text\":\"Caracteristicas\",\"name\":\"select\",\"help\":\"Con este campo se muestran solo las opciones a partir de una caracteristica escogida.\"},\"referencia\":\"\",\"referencias\":{\"F\":{\"maxima\":\"\",\"minima\":\"\"},\"M\":{\"maxima\":\"\",\"minima\":\"\"}}},{\"nombre\":\"DENSIDAD\",\"help\":\"\",\"choices\":[{\"id\":76,\"nombre\":\"1005\",\"caracteristica\":{\"id\":15,\"codigo\":\"DENSIDAD\",\"descripcion\":\"DENSIDAD\"},\"text\":\"1005\"},{\"id\":77,\"nombre\":\"1010\",\"caracteristica\":{\"id\":15,\"codigo\":\"DENSIDAD\",\"descripcion\":\"DENSIDAD\"},\"text\":\"1010\"},{\"id\":78,\"nombre\":\"1015\",\"caracteristica\":{\"id\":15,\"codigo\":\"DENSIDAD\",\"descripcion\":\"DENSIDAD\"},\"text\":\"1015\"},{\"id\":79,\"nombre\":\"1020\",\"caracteristica\":{\"id\":15,\"codigo\":\"DENSIDAD\",\"descripcion\":\"DENSIDAD\"},\"text\":\"1020\"},{\"id\":80,\"nombre\":\"1025\",\"caracteristica\":{\"id\":15,\"codigo\":\"DENSIDAD\",\"descripcion\":\"DENSIDAD\"},\"text\":\"1025\"},{\"id\":81,\"nombre\":\"1030\",\"caracteristica\":{\"id\":15,\"codigo\":\"DENSIDAD\",\"descripcion\":\"DENSIDAD\"},\"text\":\"1030\"}],\"choices_select\":[],\"choices_count\":0,\"model_text\":\"\",\"model_check\":[],\"unidades\":\"\",\"tipo\":{\"text\":\"Caracteristicas\",\"name\":\"select\",\"help\":\"Con este campo se muestran solo las opciones a partir de una caracteristica escogida.\"},\"referencia\":\"\",\"referencias\":{\"F\":{\"maxima\":\"\",\"minima\":\"\"},\"M\":{\"maxima\":\"\",\"minima\":\"\"}}},{\"nombre\":\"PROTEINAS\",\"help\":\"\",\"choices\":[{\"id\":94,\"nombre\":\"HUELLAS O TRAZAS\",\"caracteristica\":{\"id\":13,\"codigo\":\"PROTEINURIA\",\"descripcion\":\"PROTEINURIA\"},\"text\":\"HUELLAS O TRAZAS\"},{\"id\":95,\"nombre\":\"NEGATIVA\",\"caracteristica\":{\"id\":13,\"codigo\":\"PROTEINURIA\",\"descripcion\":\"PROTEINURIA\"},\"text\":\"NEGATIVA\"},{\"id\":96,\"nombre\":\"POSITIVA (+) (30 mgr/dl)\",\"caracteristica\":{\"id\":13,\"codigo\":\"PROTEINURIA\",\"descripcion\":\"PROTEINURIA\"},\"text\":\"POSITIVA (+) (30 mgr/dl)\"},{\"id\":97,\"nombre\":\"POSITIVA (++) (100 mgr/dl)\",\"caracteristica\":{\"id\":13,\"codigo\":\"PROTEINURIA\",\"descripcion\":\"PROTEINURIA\"},\"text\":\"POSITIVA (++) (100 mgr/dl)\"},{\"id\":98,\"nombre\":\"POSITIVA (+++) (300 mgr/dl)\",\"caracteristica\":{\"id\":13,\"codigo\":\"PROTEINURIA\",\"descripcion\":\"PROTEINURIA\"},\"text\":\"POSITIVA (+++) (300 mgr/dl)\"},{\"id\":99,\"nombre\":\"POSITIVA (++++) (2000 mgr/dl)\",\"caracteristica\":{\"id\":13,\"codigo\":\"PROTEINURIA\",\"descripcion\":\"PROTEINURIA\"},\"text\":\"POSITIVA (++++) (2000 mgr/dl)\"}],\"choices_select\":[],\"choices_count\":0,\"model_text\":\"\",\"model_check\":[],\"unidades\":\"\",\"tipo\":{\"text\":\"Caracteristicas\",\"name\":\"select\",\"help\":\"Con este campo se muestran solo las opciones a partir de una caracteristica escogida.\"},\"referencia\":\"\",\"referencias\":{\"F\":{\"maxima\":\"\",\"minima\":\"\"},\"M\":{\"maxima\":\"\",\"minima\":\"\"}}},{\"nombre\":\"GLUCOSA\",\"help\":\"\",\"choices\":[{\"id\":46,\"nombre\":\"NEGATIVA\",\"caracteristica\":{\"id\":8,\"codigo\":\"GLUCOSURIA\",\"descripcion\":\"GLUCOSURIA\"},\"text\":\"NEGATIVA\"},{\"id\":47,\"nombre\":\"POSITIVA (+) (100 mgr/dl)\",\"caracteristica\":{\"id\":8,\"codigo\":\"GLUCOSURIA\",\"descripcion\":\"GLUCOSURIA\"},\"text\":\"POSITIVA (+) (100 mgr/dl)\"},{\"id\":48,\"nombre\":\"POSITIVA (++) (250 mgr/dl)\",\"caracteristica\":{\"id\":8,\"codigo\":\"GLUCOSURIA\",\"descripcion\":\"GLUCOSURIA\"},\"text\":\"POSITIVA (++) (250 mgr/dl)\"},{\"id\":49,\"nombre\":\"POSITIVA (+++) (500 mgr/dl)\",\"caracteristica\":{\"id\":8,\"codigo\":\"GLUCOSURIA\",\"descripcion\":\"GLUCOSURIA\"},\"text\":\"POSITIVA (+++) (500 mgr/dl)\"},{\"id\":50,\"nombre\":\"POSITIVA (++++) (1000 mgr/dl)\",\"caracteristica\":{\"id\":8,\"codigo\":\"GLUCOSURIA\",\"descripcion\":\"GLUCOSURIA\"},\"text\":\"POSITIVA (++++) (1000 mgr/dl)\"},{\"id\":51,\"nombre\":\"POSITIVA (++++) (2000 mgr/dl)\",\"caracteristica\":{\"id\":8,\"codigo\":\"GLUCOSURIA\",\"descripcion\":\"GLUCOSURIA\"},\"text\":\"POSITIVA (++++) (2000 mgr/dl)\"}],\"choices_select\":[],\"choices_count\":0,\"model_text\":\"\",\"model_check\":[],\"unidades\":\"\",\"tipo\":{\"text\":\"Caracteristicas\",\"name\":\"select\",\"help\":\"Con este campo se muestran solo las opciones a partir de una caracteristica escogida.\"},\"referencia\":\"\",\"referencias\":{\"F\":{\"maxima\":\"\",\"minima\":\"\"},\"M\":{\"maxima\":\"\",\"minima\":\"\"}}},{\"nombre\":\"CETONA\",\"help\":\"\",\"choices\":[{\"id\":110,\"nombre\":\"ALTO (80-160 mg/dl)\",\"caracteristica\":{\"id\":16,\"codigo\":\"CETONURIA\",\"descripcion\":\"CETONURIA\"},\"text\":\"ALTO (80-160 mg/dl)\"},{\"id\":111,\"nombre\":\"BAJO (15mg/dl)\",\"caracteristica\":{\"id\":16,\"codigo\":\"CETONURIA\",\"descripcion\":\"CETONURIA\"},\"text\":\"BAJO (15mg/dl)\"},{\"id\":112,\"nombre\":\"MODERADO (40 mg/dl)\",\"caracteristica\":{\"id\":16,\"codigo\":\"CETONURIA\",\"descripcion\":\"CETONURIA\"},\"text\":\"MODERADO (40 mg/dl)\"},{\"id\":113,\"nombre\":\"NEGATIVO\",\"caracteristica\":{\"id\":16,\"codigo\":\"CETONURIA\",\"descripcion\":\"CETONURIA\"},\"text\":\"NEGATIVO\"},{\"id\":114,\"nombre\":\"TRAZAS (5mg/dl)\",\"caracteristica\":{\"id\":16,\"codigo\":\"CETONURIA\",\"descripcion\":\"CETONURIA\"},\"text\":\"TRAZAS (5mg/dl)\"}],\"choices_select\":[],\"choices_count\":0,\"model_text\":\"\",\"model_check\":[],\"unidades\":\"\",\"tipo\":{\"text\":\"Caracteristicas\",\"name\":\"select\",\"help\":\"Con este campo se muestran solo las opciones a partir de una caracteristica escogida.\"},\"referencia\":\"\",\"referencias\":{\"F\":{\"maxima\":\"\",\"minima\":\"\"},\"M\":{\"maxima\":\"\",\"minima\":\"\"}}},{\"nombre\":\"BILIRRUBINA\",\"help\":\"\",\"choices\":[{\"id\":115,\"nombre\":\"ALTO (+++)\",\"caracteristica\":{\"id\":17,\"codigo\":\"BILIRRUBINA\",\"descripcion\":\"BILIRRUBINA\"},\"text\":\"ALTO (+++)\"},{\"id\":116,\"nombre\":\"BAJO (+)\",\"caracteristica\":{\"id\":17,\"codigo\":\"BILIRRUBINA\",\"descripcion\":\"BILIRRUBINA\"},\"text\":\"BAJO (+)\"},{\"id\":117,\"nombre\":\"MODERADO (++)\",\"caracteristica\":{\"id\":17,\"codigo\":\"BILIRRUBINA\",\"descripcion\":\"BILIRRUBINA\"},\"text\":\"MODERADO (++)\"},{\"id\":118,\"nombre\":\"NEGATIVO\",\"caracteristica\":{\"id\":17,\"codigo\":\"BILIRRUBINA\",\"descripcion\":\"BILIRRUBINA\"},\"text\":\"NEGATIVO\"}],\"choices_select\":[],\"choices_count\":0,\"model_text\":\"\",\"model_check\":[],\"unidades\":\"\",\"tipo\":{\"text\":\"Caracteristicas\",\"name\":\"select\",\"help\":\"Con este campo se muestran solo las opciones a partir de una caracteristica escogida.\"},\"referencia\":\"\",\"referencias\":{\"F\":{\"maxima\":\"\",\"minima\":\"\"},\"M\":{\"maxima\":\"\",\"minima\":\"\"}}},{\"nombre\":\"UROLOBINOGENO\",\"help\":\"\",\"choices\":[{\"id\":100,\"nombre\":\"2 UE/dl\",\"caracteristica\":{\"id\":18,\"codigo\":\"UROBILINOGENO\",\"descripcion\":\"UROBILINOGENO\"},\"text\":\"2 UE/dl\"},{\"id\":101,\"nombre\":\"4 UE/dl\",\"caracteristica\":{\"id\":18,\"codigo\":\"UROBILINOGENO\",\"descripcion\":\"UROBILINOGENO\"},\"text\":\"4 UE/dl\"},{\"id\":102,\"nombre\":\"8 UE/dl\",\"caracteristica\":{\"id\":18,\"codigo\":\"UROBILINOGENO\",\"descripcion\":\"UROBILINOGENO\"},\"text\":\"8 UE/dl\"},{\"id\":103,\"nombre\":\"NORMAL\",\"caracteristica\":{\"id\":18,\"codigo\":\"UROBILINOGENO\",\"descripcion\":\"UROBILINOGENO\"},\"text\":\"NORMAL\"},{\"id\":104,\"nombre\":\"MODERADO\",\"caracteristica\":{\"id\":18,\"codigo\":\"UROBILINOGENO\",\"descripcion\":\"UROBILINOGENO\"},\"text\":\"MODERADO\"}],\"choices_select\":[],\"choices_count\":0,\"model_text\":\"\",\"model_check\":[],\"unidades\":\"\",\"tipo\":{\"text\":\"Caracteristicas\",\"name\":\"select\",\"help\":\"Con este campo se muestran solo las opciones a partir de una caracteristica escogida.\"},\"referencia\":\"\",\"referencias\":{\"F\":{\"maxima\":\"\",\"minima\":\"\"},\"M\":{\"maxima\":\"\",\"minima\":\"\"}}},{\"nombre\":\"ESTERASA (LEUCOCITOS)\",\"help\":\"\",\"choices\":[{\"id\":1,\"nombre\":\"POSITIVO\",\"caracteristica\":{\"id\":1,\"codigo\":\"POSITIVO/NEGATIVO\",\"descripcion\":\"POSITIVO/NEGATIVO\"},\"text\":\"POSITIVO\"},{\"id\":2,\"nombre\":\"NEGATIVO\",\"caracteristica\":{\"id\":1,\"codigo\":\"POSITIVO/NEGATIVO\",\"descripcion\":\"POSITIVO/NEGATIVO\"},\"text\":\"NEGATIVO\"}],\"choices_select\":[],\"choices_count\":0,\"model_text\":\"\",\"model_check\":[],\"unidades\":\"\",\"tipo\":{\"text\":\"Caracteristicas\",\"name\":\"select\",\"help\":\"Con este campo se muestran solo las opciones a partir de una caracteristica escogida.\"},\"referencia\":\"\",\"referencias\":{\"F\":{\"maxima\":\"\",\"minima\":\"\"},\"M\":{\"maxima\":\"\",\"minima\":\"\"}}},{\"nombre\":\"SANGRE\",\"help\":\"\",\"choices\":[{\"id\":105,\"nombre\":\"NEGATIVO\",\"caracteristica\":{\"id\":19,\"codigo\":\"HEMATURIA\",\"descripcion\":\"HEMATURIA\"},\"text\":\"NEGATIVO\"},{\"id\":106,\"nombre\":\"POSITIVA (+)\",\"caracteristica\":{\"id\":19,\"codigo\":\"HEMATURIA\",\"descripcion\":\"HEMATURIA\"},\"text\":\"POSITIVA (+)\"},{\"id\":107,\"nombre\":\"POSITIVA (++)\",\"caracteristica\":{\"id\":19,\"codigo\":\"HEMATURIA\",\"descripcion\":\"HEMATURIA\"},\"text\":\"POSITIVA (++)\"},{\"id\":108,\"nombre\":\"POSITIVA (+++)\",\"caracteristica\":{\"id\":19,\"codigo\":\"HEMATURIA\",\"descripcion\":\"HEMATURIA\"},\"text\":\"POSITIVA (+++)\"},{\"id\":109,\"nombre\":\"TRAZAS\",\"caracteristica\":{\"id\":19,\"codigo\":\"HEMATURIA\",\"descripcion\":\"HEMATURIA\"},\"text\":\"TRAZAS\"}],\"choices_select\":[],\"choices_count\":0,\"model_text\":\"\",\"model_check\":[],\"unidades\":\"\",\"tipo\":{\"text\":\"Caracteristicas\",\"name\":\"select\",\"help\":\"Con este campo se muestran solo las opciones a partir de una caracteristica escogida.\"},\"referencia\":\"\",\"referencias\":{\"F\":{\"maxima\":\"\",\"minima\":\"\"},\"M\":{\"maxima\":\"\",\"minima\":\"\"}}},{\"nombre\":\"NITRITOS\",\"help\":\"\",\"choices\":[{\"id\":1,\"nombre\":\"POSITIVO\",\"caracteristica\":{\"id\":1,\"codigo\":\"POSITIVO/NEGATIVO\",\"descripcion\":\"POSITIVO/NEGATIVO\"},\"text\":\"POSITIVO\"},{\"id\":2,\"nombre\":\"NEGATIVO\",\"caracteristica\":{\"id\":1,\"codigo\":\"POSITIVO/NEGATIVO\",\"descripcion\":\"POSITIVO/NEGATIVO\"},\"text\":\"NEGATIVO\"}],\"choices_select\":[],\"choices_count\":0,\"model_text\":\"\",\"model_check\":[],\"unidades\":\"\",\"tipo\":{\"text\":\"Caracteristicas\",\"name\":\"select\",\"help\":\"Con este campo se muestran solo las opciones a partir de una caracteristica escogida.\"},\"referencia\":\"\",\"referencias\":{\"F\":{\"maxima\":\"\",\"minima\":\"\"},\"M\":{\"maxima\":\"\",\"minima\":\"\"}}},{\"nombre\":\"EXAMEN MICROSCOPICO\",\"help\":\"\",\"choices\":[{\"edit\":false,\"name\":\"Option 1\",\"id\":0}],\"choices_select\":[],\"choices_count\":0,\"model_text\":\"\",\"model_check\":[],\"unidades\":\"\",\"tipo\":{\"text\":\"Titulo\",\"name\":\"title\",\"help\":\"Con este campo se crear\u00e1 un titulo, el cual servir\u00e1 de separador.\"},\"referencia\":\"\",\"referencias\":{\"F\":{\"maxima\":\"\",\"minima\":\"\"},\"M\":{\"maxima\":\"\",\"minima\":\"\"}}},{\"nombre\":\"LEUCOCITOS\",\"help\":\"\",\"choices\":[{\"edit\":false,\"name\":\"Option 1\",\"id\":0}],\"choices_select\":[],\"choices_count\":0,\"model_text\":\"\",\"model_check\":[],\"unidades\":\"/Campo\",\"tipo\":{\"text\":\"Texto\",\"name\":\"text\",\"help\":\"Con este campo se puede dar un resultado libre corto y conciso.\"},\"referencia\":\"\",\"referencias\":{\"F\":{\"maxima\":\"\",\"minima\":\"\"},\"M\":{\"maxima\":\"\",\"minima\":\"\"}}},{\"nombre\":\"HEMATIES\",\"help\":\"\",\"choices\":[{\"edit\":false,\"name\":\"Option 1\",\"id\":0}],\"choices_select\":[],\"choices_count\":0,\"model_text\":\"\",\"model_check\":[],\"unidades\":\"/Campo\",\"tipo\":{\"text\":\"Texto\",\"name\":\"text\",\"help\":\"Con este campo se puede dar un resultado libre corto y conciso.\"},\"referencia\":\"\",\"referencias\":{\"F\":{\"maxima\":\"\",\"minima\":\"\"},\"M\":{\"maxima\":\"\",\"minima\":\"\"}}},{\"nombre\":\"PIOCITOS\",\"help\":\"\",\"choices\":[{\"edit\":false,\"name\":\"Option 1\",\"id\":0}],\"choices_select\":[],\"choices_count\":0,\"model_text\":\"\",\"model_check\":[],\"unidades\":\"/Campo\",\"tipo\":{\"text\":\"Texto\",\"name\":\"text\",\"help\":\"Con este campo se puede dar un resultado libre corto y conciso.\"},\"referencia\":\"\",\"referencias\":{\"F\":{\"maxima\":\"\",\"minima\":\"\"},\"M\":{\"maxima\":\"\",\"minima\":\"\"}}},{\"nombre\":\"CELULAS EPITELIALES\",\"help\":\"\",\"choices\":[{\"edit\":false,\"name\":\"Option 1\",\"id\":0}],\"choices_select\":[],\"choices_count\":0,\"model_text\":\"\",\"model_check\":[],\"unidades\":\"/Campo\",\"tipo\":{\"text\":\"Texto\",\"name\":\"text\",\"help\":\"Con este campo se puede dar un resultado libre corto y conciso.\"},\"referencia\":\"\",\"referencias\":{\"F\":{\"maxima\":\"\",\"minima\":\"\"},\"M\":{\"maxima\":\"\",\"minima\":\"\"}}},{\"nombre\":\"BACTERIAS\",\"help\":\"\",\"choices\":[{\"id\":28,\"nombre\":\"+\",\"caracteristica\":{\"id\":4,\"codigo\":\"CRUCES\",\"descripcion\":\"CRUCES\"},\"text\":\"+\"},{\"id\":29,\"nombre\":\"++\",\"caracteristica\":{\"id\":4,\"codigo\":\"CRUCES\",\"descripcion\":\"CRUCES\"},\"text\":\"++\"},{\"id\":30,\"nombre\":\"+++\",\"caracteristica\":{\"id\":4,\"codigo\":\"CRUCES\",\"descripcion\":\"CRUCES\"},\"text\":\"+++\"},{\"id\":31,\"nombre\":\"++++\",\"caracteristica\":{\"id\":4,\"codigo\":\"CRUCES\",\"descripcion\":\"CRUCES\"},\"text\":\"++++\"}],\"choices_select\":[],\"choices_count\":0,\"model_text\":\"\",\"model_check\":[],\"unidades\":\"\",\"tipo\":{\"text\":\"Caracteristicas\",\"name\":\"select\",\"help\":\"Con este campo se muestran solo las opciones a partir de una caracteristica escogida.\"},\"referencia\":\"\",\"referencias\":{\"F\":{\"maxima\":\"\",\"minima\":\"\"},\"M\":{\"maxima\":\"\",\"minima\":\"\"}}},{\"nombre\":\"CILINDROS HAILIANOS\",\"help\":\"\",\"choices\":[{\"edit\":false,\"name\":\"Option 1\",\"id\":0}],\"choices_select\":[],\"choices_count\":0,\"model_text\":\"\",\"model_check\":[],\"unidades\":\"/Campo\",\"tipo\":{\"text\":\"Texto\",\"name\":\"text\",\"help\":\"Con este campo se puede dar un resultado libre corto y conciso.\"},\"referencia\":\"\",\"referencias\":{\"F\":{\"maxima\":\"\",\"minima\":\"\"},\"M\":{\"maxima\":\"\",\"minima\":\"\"}}},{\"nombre\":\"CILINDROS GRANULOSOS\",\"help\":\"\",\"choices\":[{\"edit\":false,\"name\":\"Option 1\",\"id\":0}],\"choices_select\":[],\"choices_count\":0,\"model_text\":\"\",\"model_check\":[],\"unidades\":\"/Campo\",\"tipo\":{\"text\":\"Texto\",\"name\":\"text\",\"help\":\"Con este campo se puede dar un resultado libre corto y conciso.\"},\"referencia\":\"\",\"referencias\":{\"F\":{\"maxima\":\"\",\"minima\":\"\"},\"M\":{\"maxima\":\"\",\"minima\":\"\"}}},{\"nombre\":\"CILINDROS LEUCOCITARIOS\",\"help\":\"\",\"choices\":[{\"edit\":false,\"name\":\"Option 1\",\"id\":0}],\"choices_select\":[],\"choices_count\":0,\"model_text\":\"\",\"model_check\":[],\"unidades\":\"/Campo\",\"tipo\":{\"text\":\"Texto\",\"name\":\"text\",\"help\":\"Con este campo se puede dar un resultado libre corto y conciso.\"},\"referencia\":\"\",\"referencias\":{\"F\":{\"maxima\":\"\",\"minima\":\"\"},\"M\":{\"maxima\":\"\",\"minima\":\"\"}}},{\"nombre\":\"CILINDROS HEMATICOS\",\"help\":\"\",\"choices\":[{\"edit\":false,\"name\":\"Option 1\",\"id\":0}],\"choices_select\":[],\"choices_count\":0,\"model_text\":\"\",\"model_check\":[],\"unidades\":\"/Campos\",\"tipo\":{\"text\":\"Texto\",\"name\":\"text\",\"help\":\"Con este campo se puede dar un resultado libre corto y conciso.\"},\"referencia\":\"\",\"referencias\":{\"F\":{\"maxima\":\"\",\"minima\":\"\"},\"M\":{\"maxima\":\"\",\"minima\":\"\"}}},{\"nombre\":\"TRICHOMONAS SPP\",\"help\":\"\",\"choices\":[{\"id\":28,\"nombre\":\"+\",\"caracteristica\":{\"id\":4,\"codigo\":\"CRUCES\",\"descripcion\":\"CRUCES\"},\"text\":\"+\"},{\"id\":29,\"nombre\":\"++\",\"caracteristica\":{\"id\":4,\"codigo\":\"CRUCES\",\"descripcion\":\"CRUCES\"},\"text\":\"++\"},{\"id\":30,\"nombre\":\"+++\",\"caracteristica\":{\"id\":4,\"codigo\":\"CRUCES\",\"descripcion\":\"CRUCES\"},\"text\":\"+++\"},{\"id\":31,\"nombre\":\"++++\",\"caracteristica\":{\"id\":4,\"codigo\":\"CRUCES\",\"descripcion\":\"CRUCES\"},\"text\":\"++++\"}],\"choices_select\":[],\"choices_count\":0,\"model_text\":\"\",\"model_check\":[],\"unidades\":\"\",\"tipo\":{\"text\":\"Caracteristicas\",\"name\":\"select\",\"help\":\"Con este campo se muestran solo las opciones a partir de una caracteristica escogida.\"},\"referencia\":\"\",\"referencias\":{\"F\":{\"maxima\":\"\",\"minima\":\"\"},\"M\":{\"maxima\":\"\",\"minima\":\"\"}}},{\"nombre\":\"LEVADURAS\",\"help\":\"\",\"choices\":[{\"id\":28,\"nombre\":\"+\",\"caracteristica\":{\"id\":4,\"codigo\":\"CRUCES\",\"descripcion\":\"CRUCES\"},\"text\":\"+\"},{\"id\":29,\"nombre\":\"++\",\"caracteristica\":{\"id\":4,\"codigo\":\"CRUCES\",\"descripcion\":\"CRUCES\"},\"text\":\"++\"},{\"id\":30,\"nombre\":\"+++\",\"caracteristica\":{\"id\":4,\"codigo\":\"CRUCES\",\"descripcion\":\"CRUCES\"},\"text\":\"+++\"},{\"id\":31,\"nombre\":\"++++\",\"caracteristica\":{\"id\":4,\"codigo\":\"CRUCES\",\"descripcion\":\"CRUCES\"},\"text\":\"++++\"}],\"choices_select\":[],\"choices_count\":0,\"model_text\":\"\",\"model_check\":[],\"unidades\":\"\",\"tipo\":{\"text\":\"Caracteristicas\",\"name\":\"select\",\"help\":\"Con este campo se muestran solo las opciones a partir de una caracteristica escogida.\"},\"referencia\":\"\",\"referencias\":{\"F\":{\"maxima\":\"\",\"minima\":\"\"},\"M\":{\"maxima\":\"\",\"minima\":\"\"}}},{\"nombre\":\"MOCO\",\"help\":\"\",\"choices\":[{\"id\":28,\"nombre\":\"+\",\"caracteristica\":{\"id\":4,\"codigo\":\"CRUCES\",\"descripcion\":\"CRUCES\"},\"text\":\"+\"},{\"id\":29,\"nombre\":\"++\",\"caracteristica\":{\"id\":4,\"codigo\":\"CRUCES\",\"descripcion\":\"CRUCES\"},\"text\":\"++\"},{\"id\":30,\"nombre\":\"+++\",\"caracteristica\":{\"id\":4,\"codigo\":\"CRUCES\",\"descripcion\":\"CRUCES\"},\"text\":\"+++\"},{\"id\":31,\"nombre\":\"++++\",\"caracteristica\":{\"id\":4,\"codigo\":\"CRUCES\",\"descripcion\":\"CRUCES\"},\"text\":\"++++\"}],\"choices_select\":[],\"choices_count\":0,\"model_text\":\"\",\"model_check\":[],\"unidades\":\"\",\"tipo\":{\"text\":\"Caracteristicas\",\"name\":\"select\",\"help\":\"Con este campo se muestran solo las opciones a partir de una caracteristica escogida.\"},\"referencia\":\"\",\"referencias\":{\"F\":{\"maxima\":\"\",\"minima\":\"\"},\"M\":{\"maxima\":\"\",\"minima\":\"\"}}},{\"nombre\":\"CRISTALES DE OXALATO DE CALCIO\",\"help\":\"\",\"choices\":[{\"id\":28,\"nombre\":\"+\",\"caracteristica\":{\"id\":4,\"codigo\":\"CRUCES\",\"descripcion\":\"CRUCES\"},\"text\":\"+\"},{\"id\":29,\"nombre\":\"++\",\"caracteristica\":{\"id\":4,\"codigo\":\"CRUCES\",\"descripcion\":\"CRUCES\"},\"text\":\"++\"},{\"id\":30,\"nombre\":\"+++\",\"caracteristica\":{\"id\":4,\"codigo\":\"CRUCES\",\"descripcion\":\"CRUCES\"},\"text\":\"+++\"},{\"id\":31,\"nombre\":\"++++\",\"caracteristica\":{\"id\":4,\"codigo\":\"CRUCES\",\"descripcion\":\"CRUCES\"},\"text\":\"++++\"}],\"choices_select\":[],\"choices_count\":0,\"model_text\":\"\",\"model_check\":[],\"unidades\":\"\",\"tipo\":{\"text\":\"Caracteristicas\",\"name\":\"select\",\"help\":\"Con este campo se muestran solo las opciones a partir de una caracteristica escogida.\"},\"referencia\":\"\",\"referencias\":{\"F\":{\"maxima\":\"\",\"minima\":\"\"},\"M\":{\"maxima\":\"\",\"minima\":\"\"}}},{\"nombre\":\"CRISTALES DE ACIDO URICO\",\"help\":\"\",\"choices\":[{\"id\":28,\"nombre\":\"+\",\"caracteristica\":{\"id\":4,\"codigo\":\"CRUCES\",\"descripcion\":\"CRUCES\"},\"text\":\"+\"},{\"id\":29,\"nombre\":\"++\",\"caracteristica\":{\"id\":4,\"codigo\":\"CRUCES\",\"descripcion\":\"CRUCES\"},\"text\":\"++\"},{\"id\":30,\"nombre\":\"+++\",\"caracteristica\":{\"id\":4,\"codigo\":\"CRUCES\",\"descripcion\":\"CRUCES\"},\"text\":\"+++\"},{\"id\":31,\"nombre\":\"++++\",\"caracteristica\":{\"id\":4,\"codigo\":\"CRUCES\",\"descripcion\":\"CRUCES\"},\"text\":\"++++\"}],\"choices_select\":[],\"choices_count\":0,\"model_text\":\"\",\"model_check\":[],\"unidades\":\"\",\"tipo\":{\"text\":\"Caracteristicas\",\"name\":\"select\",\"help\":\"Con este campo se muestran solo las opciones a partir de una caracteristica escogida.\"},\"referencia\":\"\",\"referencias\":{\"F\":{\"maxima\":\"\",\"minima\":\"\"},\"M\":{\"maxima\":\"\",\"minima\":\"\"}}},{\"nombre\":\"CRISTALES DE URATOS AMORFOS\",\"help\":\"\",\"choices\":[{\"id\":28,\"nombre\":\"+\",\"caracteristica\":{\"id\":4,\"codigo\":\"CRUCES\",\"descripcion\":\"CRUCES\"},\"text\":\"+\"},{\"id\":29,\"nombre\":\"++\",\"caracteristica\":{\"id\":4,\"codigo\":\"CRUCES\",\"descripcion\":\"CRUCES\"},\"text\":\"++\"},{\"id\":30,\"nombre\":\"+++\",\"caracteristica\":{\"id\":4,\"codigo\":\"CRUCES\",\"descripcion\":\"CRUCES\"},\"text\":\"+++\"},{\"id\":31,\"nombre\":\"++++\",\"caracteristica\":{\"id\":4,\"codigo\":\"CRUCES\",\"descripcion\":\"CRUCES\"},\"text\":\"++++\"}],\"choices_select\":[],\"choices_count\":0,\"model_text\":\"\",\"model_check\":[],\"unidades\":\"\",\"tipo\":{\"text\":\"Caracteristicas\",\"name\":\"select\",\"help\":\"Con este campo se muestran solo las opciones a partir de una caracteristica escogida.\"},\"referencia\":\"\",\"referencias\":{\"F\":{\"maxima\":\"\",\"minima\":\"\"},\"M\":{\"maxima\":\"\",\"minima\":\"\"}}},{\"nombre\":\"CRISTALES DE FOSFATOS AMORFOS\",\"help\":\"\",\"choices\":[{\"id\":28,\"nombre\":\"+\",\"caracteristica\":{\"id\":4,\"codigo\":\"CRUCES\",\"descripcion\":\"CRUCES\"},\"text\":\"+\"},{\"id\":29,\"nombre\":\"++\",\"caracteristica\":{\"id\":4,\"codigo\":\"CRUCES\",\"descripcion\":\"CRUCES\"},\"text\":\"++\"},{\"id\":30,\"nombre\":\"+++\",\"caracteristica\":{\"id\":4,\"codigo\":\"CRUCES\",\"descripcion\":\"CRUCES\"},\"text\":\"+++\"},{\"id\":31,\"nombre\":\"++++\",\"caracteristica\":{\"id\":4,\"codigo\":\"CRUCES\",\"descripcion\":\"CRUCES\"},\"text\":\"++++\"}],\"choices_select\":[],\"choices_count\":0,\"model_text\":\"\",\"model_check\":[],\"unidades\":\"\",\"tipo\":{\"text\":\"Caracteristicas\",\"name\":\"select\",\"help\":\"Con este campo se muestran solo las opciones a partir de una caracteristica escogida.\"},\"referencia\":\"\",\"referencias\":{\"F\":{\"maxima\":\"\",\"minima\":\"\"},\"M\":{\"maxima\":\"\",\"minima\":\"\"}}},{\"nombre\":\"CRISTALES DE FOSFATOS TRIPLES\",\"help\":\"\",\"choices\":[{\"id\":28,\"nombre\":\"+\",\"caracteristica\":{\"id\":4,\"codigo\":\"CRUCES\",\"descripcion\":\"CRUCES\"},\"text\":\"+\"},{\"id\":29,\"nombre\":\"++\",\"caracteristica\":{\"id\":4,\"codigo\":\"CRUCES\",\"descripcion\":\"CRUCES\"},\"text\":\"++\"},{\"id\":30,\"nombre\":\"+++\",\"caracteristica\":{\"id\":4,\"codigo\":\"CRUCES\",\"descripcion\":\"CRUCES\"},\"text\":\"+++\"},{\"id\":31,\"nombre\":\"++++\",\"caracteristica\":{\"id\":4,\"codigo\":\"CRUCES\",\"descripcion\":\"CRUCES\"},\"text\":\"++++\"}],\"choices_select\":[],\"choices_count\":0,\"model_text\":\"\",\"model_check\":[],\"unidades\":\"\",\"tipo\":{\"text\":\"Caracteristicas\",\"name\":\"select\",\"help\":\"Con este campo se muestran solo las opciones a partir de una caracteristica escogida.\"},\"referencia\":\"\",\"referencias\":{\"F\":{\"maxima\":\"\",\"minima\":\"\"},\"M\":{\"maxima\":\"\",\"minima\":\"\"}}}]", "laboratorio": 20}, "model": "laboratorios.formato", "pk": 35}, {"fields": {"orden": 21352, "resultado": "[{\"referencias\":{\"M\":{\"minima\":\"\",\"maxima\":\"\"},\"F\":{\"minima\":\"\",\"maxima\":\"\"}},\"referencia\":\"Optimo < 200mg/dl,\\nModerado 200-239mg/dl,\\nElevado > 240mg/dl\",\"_model_text\":\"32\",\"help\":\"\",\"tipo\":{\"text\":\"Texto\",\"name\":\"text\",\"help\":\"Con este campo se puede dar un resultado libre corto y conciso.\"},\"choices_select\":[],\"choices\":[{\"edit\":false,\"name\":\"Option 1\",\"id\":0}],\"choices_count\":0,\"model_check\":[],\"nombre\":\"COLESTEROL TOTAL SERICO\",\"unidades\":\"mg/dl\",\"model_text\":\"100\"}]", "fecha": "2017-07-24", "laboratorio": 10, "bacteriologo": 3, "cerrado": true, "archivo": "laboratorios/resultados/21352_resultado5.pdf"}, "model": "laboratorios.resultado", "pk": 5}, {"fields": {"orden": 21352, "resultado": "[{\"referencias\":{\"M\":{\"minima\":\"\",\"maxima\":\"\"},\"F\":{\"minima\":\"\",\"maxima\":\"\"}},\"referencia\":\"MENOR DE 150\",\"_model_text\":\"76\",\"help\":\"\",\"tipo\":{\"text\":\"Texto\",\"name\":\"text\",\"help\":\"Con este campo se puede dar un resultado libre corto y conciso.\"},\"choices_select\":[],\"choices\":[{\"edit\":false,\"name\":\"Option 1\",\"id\":0}],\"choices_count\":0,\"model_check\":[],\"nombre\":\"COLESTEROL L.D.L\",\"unidades\":\"mg/dl\",\"model_text\":\"78\"},{\"referencias\":{\"M\":{\"minima\":\"0\",\"maxima\":\"40\"},\"F\":{\"minima\":\"0\",\"maxima\":\"40\"}},\"referencia\":\"\",\"_model_text\":\"53\",\"help\":\"\",\"tipo\":{\"text\":\"N\u00fameros\",\"name\":\"number\",\"help\":\"Con este campo se puede dar un resultado num\u00e9rico.\"},\"choices_count\":0,\"choices\":[{\"edit\":false,\"name\":\"Option 1\",\"id\":0}],\"choices_select\":[],\"nombre\":\"COLESTEROL V.L.D.L\",\"model_check\":[],\"unidades\":\"mg/dl\",\"model_text\":\"64\"}]", "fecha": "2017-07-24", "laboratorio": 9, "bacteriologo": 3, "cerrado": true, "archivo": "laboratorios/resultados/21352_resultado6.pdf"}, "model": "laboratorios.resultado", "pk": 6}, {"fields": {"orden": 21352, "resultado": "[{\"referencias\":{\"M\":{\"minima\":\"50\",\"maxima\":\"150\"},\"F\":{\"minima\":\"50\",\"maxima\":\"150\"}},\"referencia\":\"Normal < 150mg/dl,\\nMedio/Alto 150-199mg/dl,\\nAlto 200-499mg/dl,\\nMuy Alto >= 500mg/dl\",\"_model_text\":\"12\",\"help\":\"\",\"tipo\":{\"text\":\"Texto\",\"name\":\"text\",\"help\":\"Con este campo se puede dar un resultado libre corto y conciso.\"},\"choices_select\":[],\"choices\":[{\"edit\":false,\"name\":\"Option 1\",\"id\":0}],\"choices_count\":0,\"model_check\":[],\"nombre\":\"TRIGLICERIDOS SERICO\",\"unidades\":\"mg/dl\",\"model_text\":\"12\"}]", "fecha": "2017-07-24", "laboratorio": 21, "bacteriologo": 3, "cerrado": true, "archivo": "laboratorios/resultados/21352_resultado7.pdf"}, "model": "laboratorios.resultado", "pk": 7}, {"fields": {"orden": 21352, "resultado": "[{\"referencias\":{\"M\":{\"minima\":\"\",\"maxima\":\"\"},\"F\":{\"minima\":\"\",\"maxima\":\"\"}},\"referencia\":\"Hombres\\nBajo riesgo > 55mg/dl\\nModerado 35-55mg/dl\\nAlto riesgo < de 40mg/dl\\nMujeres\\nBajo riesgo > 65mg/dl\\nModerado 45-65mg/dl\\nAlto riesgo < de 45mg/dl\\n\\n\",\"help\":\"\",\"tipo\":{\"text\":\"Texto\",\"name\":\"text\",\"help\":\"Con este campo se puede dar un resultado libre corto y conciso.\"},\"choices_count\":0,\"choices\":[{\"edit\":false,\"name\":\"Option 1\",\"id\":0}],\"choices_select\":[],\"nombre\":\"COLESTEROL H.D.L\",\"model_check\":[],\"unidades\":\"mg/dl\",\"model_text\":\"54\",\"_model_text\":\"\"}]", "fecha": "2017-07-25", "laboratorio": 8, "bacteriologo": 3, "cerrado": true, "archivo": "laboratorios/resultados/21352_resultado8.pdf"}, "model": "laboratorios.resultado", "pk": 8}, {"fields": {"orden": 21352, "resultado": "[{\"referencias\":{\"M\":{\"minima\":\"70\",\"maxima\":\"105\"},\"F\":{\"minima\":\"70\",\"maxima\":\"105\"}},\"referencia\":\"\",\"help\":\"\",\"tipo\":{\"text\":\"N\u00fameros\",\"name\":\"number\",\"help\":\"Con este campo se puede dar un resultado num\u00e9rico.\"},\"choices_select\":[],\"choices\":[{\"edit\":false,\"name\":\"Option 1\",\"id\":0}],\"choices_count\":0,\"model_check\":[],\"nombre\":\"GLUCOSA SANGUINEA\",\"unidades\":\"mg/dl\",\"model_text\":\"104\",\"_model_text\":\"106\"}]", "fecha": "2017-07-25", "laboratorio": 14, "bacteriologo": 3, "cerrado": true, "archivo": "laboratorios/resultados/21352_resultado9.pdf"}, "model": "laboratorios.resultado", "pk": 9}, {"fields": {"orden": 21352, "resultado": "[{\"referencias\":{\"M\":{\"minima\":\"\",\"maxima\":\"\"},\"F\":{\"minima\":\"0\",\"maxima\":\"0\"}},\"referencia\":\"\",\"help\":\"\",\"tipo\":{\"text\":\"N\u00fameros\",\"name\":\"number\",\"help\":\"Con este campo se puede dar un resultado num\u00e9rico.\"},\"choices_select\":[],\"choices\":[{\"edit\":false,\"name\":\"Option 1\",\"id\":0}],\"choices_count\":0,\"model_check\":[],\"nombre\":\"SEROLOGIA II\",\"unidades\":\"\",\"model_text\":\"13\",\"_model_text\":\"\"}]", "fecha": "2017-07-25", "laboratorio": 24, "bacteriologo": 3, "cerrado": true, "archivo": "laboratorios/resultados/21352_resultado10.pdf"}, "model": "laboratorios.resultado", "pk": 10}, {"fields": {"producto": 1, "orden": 21329, "cantidad": 1}, "model": "laboratorios.hojagasto", "pk": 1}, {"fields": {"producto": 2, "orden": 21329, "cantidad": 2}, "model": "laboratorios.hojagasto", "pk": 2}, {"fields": {"producto": 1, "orden": 21314, "cantidad": 1}, "model": "laboratorios.hojagasto", "pk": 3}, {"fields": {"producto": 2, "orden": 21314, "cantidad": 2}, "model": "laboratorios.hojagasto", "pk": 4}, {"fields": {"producto": 1, "orden": 21279, "cantidad": 1}, "model": "laboratorios.hojagasto", "pk": 5}, {"fields": {"producto": 2, "orden": 21279, "cantidad": 2}, "model": "laboratorios.hojagasto", "pk": 6}, {"fields": {"producto": 1, "orden": 21260, "cantidad": 1}, "model": "laboratorios.hojagasto", "pk": 7}, {"fields": {"producto": 2, "orden": 21260, "cantidad": 2}, "model": "laboratorios.hojagasto", "pk": 8}, {"fields": {"producto": 1, "orden": 21254, "cantidad": 1}, "model": "laboratorios.hojagasto", "pk": 9}, {"fields": {"producto": 2, "orden": 21254, "cantidad": 2}, "model": "laboratorios.hojagasto", "pk": 10}, {"fields": {"producto": 3, "orden": 21329, "cantidad": 1}, "model": "laboratorios.hojagasto", "pk": 11}, {"fields": {"producto": 1, "orden": 21346, "cantidad": 2}, "model": "laboratorios.hojagasto", "pk": 12}, {"fields": {"producto": 2, "orden": 21346, "cantidad": 1}, "model": "laboratorios.hojagasto", "pk": 13}, {"fields": {"producto": 3, "orden": 21346, "cantidad": 1}, "model": "laboratorios.hojagasto", "pk": 14}, {"fields": {"producto": 1, "orden": 21343, "cantidad": 1}, "model": "laboratorios.hojagasto", "pk": 15}, {"fields": {"producto": 2, "orden": 21343, "cantidad": 2}, "model": "laboratorios.hojagasto", "pk": 16}, {"fields": {"producto": 1, "orden": 21347, "cantidad": 2}, "model": "laboratorios.hojagasto", "pk": 17}, {"fields": {"producto": 1, "orden": 21345, "cantidad": 1}, "model": "laboratorios.hojagasto", "pk": 18}, {"fields": {"producto": 1, "orden": 21346, "cantidad": 1}, "model": "laboratorios.hojagasto", "pk": 19}, {"fields": {"producto": 3, "orden": 21347, "cantidad": 1}, "model": "laboratorios.hojagasto", "pk": 20}, {"fields": {"producto": 3, "orden": 21345, "cantidad": 3}, "model": "laboratorios.hojagasto", "pk": 21}, {"fields": {"producto": 4, "orden": 21345, "cantidad": 2}, "model": "laboratorios.hojagasto", "pk": 22}, {"fields": {"producto": 1, "orden": 21351, "cantidad": 1}, "model": "laboratorios.hojagasto", "pk": 23}, {"fields": {"producto": 2, "orden": 21351, "cantidad": 2}, "model": "laboratorios.hojagasto", "pk": 24}]